Planting_Date,Harvest_Date,Cultivar,Former_Crop,Sowing_Method,ID,Yield
41284,41700,PIONEER 30F32,Algodon,Mecanizado,537,5
8/25/2013,1/15/2014,DK 234,Maiz,NA,543,5
5/13/2013,9/26/2013,PIONEER 30F32,Algodon,Mecanizado,53,5.5
41310,41587,Otro,Algodon,Mecanizado,54,5.2
41613,9/19/2013,Otro,Algodon,Mecanizado,56,5.7
41460,41617,DK 234,Maiz,Mecanizado,57,5.2
41460,41617,Otro,Maiz,Manual,273,4.7
41491,9/18/2013,PIONEER 30F32,Algodon,Manual,282,6
41310,9/17/2013,DK 234,Algodon,Manual,283,5.5
41522,9/22/2013,PIONEER 30F35,Frijol,Mecanizado,284,4.5
41338,9/14/2013,Otro,Algodon,Mecanizado,286,6.2
5/26/2013,41404,Otro,Algodon,Manual,287,5.3
41279,41617,FNC 3056,Algodon,NA,288,4.5
41279,41587,PIONEER 30F32,NA,Manual,289,6
41552,9/21/2013,Otro,Maiz,Mecanizado,290,5.3
5/20/2013,9/30/2013,Otro,Algodon,Manual,291,5.8
5/20/2013,9/24/2013,PIONEER 30F35,Yuca,Manual,293,5.5
5/13/2013,9/17/2013,Otro,Maiz,Mecanizado,294,4
5/15/2013,41343,FNC 114,Maiz,Mecanizado,295,4
9/26/2013,41700,FNC 114,Maiz,Mecanizado,536,4
41284,41700,PIONEER 30F35 H,Maiz,Manual,539,4
9/22/2013,41914,Otro,Maiz,Mecanizado,540,2.5
41284,1/30/2014,Otro,Maiz,Mecanizado,548,4
8/25/2013,1/15/2014,Otro,Maiz,Mecanizado,549,2.5
41435,41914,PIONEER 30F35,Maiz,Mecanizado,559,5
9/14/2013,41913,Otro,Maiz,Mecanizado,560,5.6
41465,41914,Otro,Maiz,Mecanizado,617,3.5
41527,41915,PIONEER 30F35,Maiz,Mecanizado,618,5
10/17/2015,2/23/2016,DK 234,Algodon,Mecanizado,3277,3.5
41917,41891,Otro,Algodon,Manual,766,3.5
5/20/2014,9/25/2014,PIONEER 30F35 H,NA,Manual,781,3.2
41764,41829,DK 234,Algodon,Mecanizado,783,3.7
5/13/2014,9/17/2014,PIONEER 30F35,Algodon,Manual,784,3.8
5/17/2014,9/20/2014,Otro,Algodon,Manual,788,3
41316,3/13/2014,DK7088,Algodon,Mecanizado,791,4
9/29/2013,1/20/2014,DK 234,Maiz,Mecanizado,804,5
7/19/2013,12/20/2013,Otro,Maiz,Mecanizado,805,4
9/13/2013,1/14/2014,DK7088,Algodon,Manual,806,3.2
5/19/2014,9/20/2014,NA,Algodon,Mecanizado,814,6.7
3/26/2014,7/31/2014,Otro,Maiz,Mecanizado,816,7.2
41795,9/18/2014,Otro,Maiz,Mecanizado,817,6.8
41917,41982,Otro,Pastos,Mecanizado,818,6.5
5/20/2014,9/22/2014,Otro,Maiz,Mecanizado,820,6.8
41856,41982,PIONEER 30F35,Algodon,Mecanizado,821,6
41764,41679,DK 234,Algodon,Manual,823,3.7
41917,9/25/2014,PAC 105,NA,Manual,824,4
41978,9/15/2014,Otro,Algodon,Mecanizado,826,6.5
41644,9/28/2014,DK7088,Algodon,Mecanizado,827,4
41734,9/18/2014,PAC 105,Algodon,Mecanizado,829,4.5
41764,41982,PAC 105,Algodon,Mecanizado,830,5.5
5/15/2014,9/29/2014,DK 234,Algodon,Mecanizado,835,3
41917,41857,PAC 105,Algodon,Manual,838,3.5
5/23/2014,41830,DK 234,Algodon,Mecanizado,840,3.8
8/28/2014,1/20/2015,PAC 105,Algodon,Mecanizado,1770,3.8
8/29/2014,1/29/2015,PAC 105,Algodon,Manual,1771,4.5
41649,42157,Otro,Algodon,Manual,1772,4.8
9/19/2014,1/30/2015,PAC 105,Algodon,Manual,1773,5
8/27/2014,42125,PAC 105,Algodon,Manual,1799,4.8
41860,1/28/2015,Otro,Algodon,Mecanizado,1800,4.2
5/27/2015,42104,PAC 105,Frijol,Manual,2010,3.8
5/27/2015,9/28/2015,PIONEER 30F35,Maiz,Mecanizado,2011,4.3
5/27/2015,42195,Otro,Algodon,Mecanizado,2015,5
5/28/2015,42195,Otro,Maiz,Mecanizado,2016,4.8
5/17/2015,9/19/2015,Otro,Algodon,Mecanizado,2020,5
5/20/2015,9/18/2015,Otro,Algodon,Manual,2021,6.5
5/26/2015,9/28/2015,Otro,Maiz,Manual,2022,3.8
5/20/2015,9/15/2015,Otro,Maiz,Manual,2029,4
5/26/2015,9/29/2015,Otro,Maiz,Manual,2031,3.6
5/21/2015,9/24/2015,Otro,Maiz,Mecanizado,2032,4.5
5/26/2015,42287,DK 234 YGRR,Maiz,Manual,2035,5
5/20/2015,42226,DK 234,Maiz,Mecanizado,2038,4
5/27/2015,42134,DK7088,Maiz,Manual,2039,4
5/31/2015,9/29/2015,DK7088,Algodon,Mecanizado,2040,3.2
5/28/2015,9/30/2015,PIONEER 30F35,Algodon,Manual,2041,1.6
42068,8/25/2015,Otro,Algodon,Mecanizado,2042,6
5/18/2015,9/18/2015,Otro,Algodon,Mecanizado,2043,6.1
5/15/2015,9/21/2015,PAC 105,Algodon,Mecanizado,2044,3.5
5/15/2015,9/20/2015,DK 234 YGRR,Algodon,Mecanizado,2045,4.1
5/28/2015,42045,PAC 105,Algodon,Mecanizado,2048,2.3
5/16/2015,9/20/2015,Otro,Algodon,Mecanizado,2050,5.9
5/26/2015,9/27/2015,Otro,Algodon,Mecanizado,2051,5.89
5/18/2015,9/22/2015,Otro,Algodon,Mecanizado,2052,1.3
5/25/2015,9/25/2015,DK 234 YGRR,Algodon,Mecanizado,2053,5.5
5/22/2015,42348,Otro,Algodon,Mecanizado,2069,4.2
5/18/2015,9/20/2015,Otro,Algodon,Mecanizado,2078,6.3
42190,9/20/2015,Otro,Algodon,Manual,2079,3.5
42313,9/18/2015,Otro,Algodon,Mecanizado,2080,2.35
42252,9/14/2015,PIONEER 30F32HW,Pastos,Mecanizado,2081,5.7
5/20/2015,9/21/2015,Otro,Algodon,Mecanizado,2082,5.5
42313,9/17/2015,P4082 (Pioneer),Algodon,Mecanizado,2083,3.7
5/21/2015,42348,Otro,Frijol,Mecanizado,2084,4
5/20/2015,9/19/2015,Otro,Yuca,Mecanizado,2086,3
5/20/2015,9/22/2015,DK 1040,Frijol,Manual,2088,2
5/20/2015,9/22/2015,P4082 (Pioneer),Algodon,Mecanizado,2089,2.2
5/14/2015,9/20/2015,P4082 (Pioneer),Algodon,Mecanizado,2090,2.3
5/23/2015,9/25/2015,DK 234 YGRR,Algodon,Mecanizado,2091,2.6
5/22/2015,9/30/2015,P4082 (Pioneer),Algodon,Mecanizado,2092,1.2
5/19/2015,9/25/2015,PAC 105,Pastos,Manual,2107,4
5/23/2015,42045,P3966 (Pioneer),Algodon,Manual,2110,5.8
42009,42133,DK 234,Algodon,Manual,2111,2.2
5/20/2015,9/30/2015,DK 234,Algodon,Mecanizado,2113,4.6
5/27/2015,42104,P4082 (Pioneer),Algodon,Mecanizado,2117,6.3
5/21/2015,9/27/2015,P4082 (Pioneer),Algodon,Mecanizado,2118,6
5/22/2015,9/30/2015,P4082 (Pioneer),Algodon,Mecanizado,2119,7
5/30/2015,42134,P4082 (Pioneer),Algodon,Mecanizado,2120,6.95
5/27/2015,9/26/2015,PAC 105,Algodon,Mecanizado,2128,1.8
5/15/2015,10/13/2015,DK 234,Algodon,Manual,2129,2.4
5/17/2015,42347,Impacto (Syngenta),Algodon,Mecanizado,2130,3.3
5/16/2015,9/15/2015,DK 234,Algodon,Manual,2132,2.6
5/21/2015,42134,DK 1596,Algodon,Manual,2135,2.8
5/20/2015,9/25/2015,Otro,Algodon,Mecanizado,2136,3.7
5/16/2015,9/15/2015,PAC 105,Algodon,Manual,2137,3.1
42160,42347,DK 234,Algodon,Mecanizado,2138,1.9
5/25/2015,9/23/2015,DK 234,Algodon,Mecanizado,2140,2.4
4/22/2015,9/17/2015,DK 234,Frijol,Mecanizado,2154,3.4
5/26/2015,9/21/2015,DK 234,Algodon,Mecanizado,2157,3.1
5/25/2015,9/23/2015,DK 234,Algodon,Mecanizado,2158,3
5/25/2015,42073,DK 234,Algodon,Mecanizado,2159,3.2
5/20/2015,9/28/2015,P4082 (Pioneer),Algodon,Mecanizado,2160,6.3
5/15/2015,9/23/2015,DK 234,Algodon,Manual,2161,5.1
5/22/2015,9/27/2015,DK 234,Algodon,Manual,2163,5
42010,42348,DK 234,Algodon,Manual,2164,4.9
5/21/2015,9/30/2015,PAC 105,Algodon,Manual,2165,3.392
5/25/2015,42348,Otro,Maiz,Manual,2166,5
5/25/2015,42073,P3966 (Pioneer),Algodon,Mecanizado,2167,3.3
5/24/2015,9/15/2015,Otro,Algodon,Manual,2206,6
5/29/2015,10/15/2015,Otro,Algodon,Manual,2207,4.8
5/20/2015,9/23/2015,P4082 (Pioneer),Algodon,Mecanizado,2211,2.2
5/28/2015,9/26/2015,P4082 (Pioneer),Algodon,Mecanizado,2214,5.5
5/18/2015,9/21/2015,P4082 (Pioneer),Algodon,Mecanizado,2216,5.5
5/19/2015,9/19/2015,P3966 (Pioneer),Algodon,Mecanizado,2218,5
5/26/2015,9/27/2015,DK 234,Algodon,Mecanizado,2220,2.7
5/24/2015,9/28/2015,DK 234,Algodon,Mecanizado,2222,1.2
5/30/2015,9/14/2015,DK 234,Algodon,Mecanizado,2224,3.1
5/30/2015,9/19/2015,DK 234,Algodon,Mecanizado,2225,2.4
5/20/2015,9/17/2015,DK7088,Algodon,Mecanizado,2228,3.2
5/21/2015,9/18/2015,PIONEER 30F35 HRR,Maiz,Manual,2229,5.1
5/23/2015,9/26/2015,PAC 105,Algodon,Manual,2233,1.8
5/21/2015,9/27/2015,Otro,Maiz,Manual,2234,1.7
5/15/2015,9/21/2015,P3966 (Pioneer),Algodon,Mecanizado,2235,7
5/20/2015,9/27/2015,DK 234,Algodon,Mecanizado,2236,3.3
5/20/2015,9/19/2015,Otro,Algodon,Mecanizado,2237,5
5/17/2015,9/20/2015,P4082 (Pioneer),Algodon,Mecanizado,2238,6.2
5/23/2015,9/25/2015,DK 234,Algodon,Mecanizado,2241,5
42191,42348,P4082 (Pioneer),Algodon,Mecanizado,2242,5.2
5/25/2015,9/25/2015,DK 234,Algodon,Mecanizado,2243,5.2
5/30/2015,42348,P4082 (Pioneer),Algodon,Mecanizado,2267,6.38
5/20/2015,9/27/2015,P4082 (Pioneer),Algodon,Mecanizado,2275,5.7
5/20/2015,9/24/2015,DK 234 YGRR,Frijol,Manual,2277,3.5
5/20/2015,9/20/2015,PIONEER 30F35,Frijol,Manual,2280,2.5
5/21/2015,9/23/2015,Otro,Frijol,Mecanizado,2281,3
5/23/2015,9/14/2015,P4082 (Pioneer),Pastos,Mecanizado,2282,5.2
5/18/2015,9/25/2015,DK 234,Algodon,Mecanizado,2283,2.88
5/18/2015,9/26/2015,P4082 (Pioneer),Algodon,Mecanizado,2284,4.5
5/18/2015,9/14/2015,P4082 (Pioneer),Maiz,Mecanizado,2293,7.2
4/26/2015,42103,DK 234,Algodon,Mecanizado,2298,5
42161,42134,ICA V 156,Algodon,Mecanizado,2314,3
5/18/2015,9/14/2015,DK 234,Algodon,Mecanizado,2351,4
5/20/2015,9/21/2015,P4082 (Pioneer),Algodon,Mecanizado,2352,4.88
42068,42194,Otro,Algodon,Mecanizado,2387,3.7
5/15/2015,42286,P4082 (Pioneer),Algodon,Mecanizado,2391,3
5/20/2015,9/15/2015,DK 234,Pastos,Mecanizado,2392,4.5
5/25/2015,42014,P3966 (Pioneer),Algodon,Mecanizado,2404,4.8
5/21/2015,42134,DK 234 YGRR,Algodon,Mecanizado,2406,1.8
42098,42013,P4082 (Pioneer),Algodon,Mecanizado,2457,5.1
4/28/2015,42286,DK 234,Algodon,Mecanizado,2458,5.4
5/20/2015,9/25/2015,DK 234,Algodon,Mecanizado,2465,5
5/23/2015,9/30/2015,P4082 (Pioneer),Algodon,Mecanizado,2466,5.3
5/25/2015,42045,PAC 105,Algodon,Mecanizado,2472,5.5
42129,42286,Otro,Pastos,Mecanizado,2474,2.012
5/21/2015,9/15/2015,P4082 (Pioneer),Algodon,Mecanizado,2501,5.6
5/21/2015,9/20/2015,PAC 105,Algodon,Mecanizado,2506,1.99
42129,9/14/2015,P4082 (Pioneer),Algodon,Mecanizado,2507,5.2
5/20/2015,9/30/2015,DK 234 YGRR,Algodon,Mecanizado,2508,3.1
42129,9/28/2015,Otro,Algodon,Mecanizado,2510,4.1
5/22/2015,9/27/2015,Otro,Maiz,Mecanizado,2511,2
5/28/2015,10/15/2015,P4082 (Pioneer),Maiz,Mecanizado,2535,4
5/25/2015,9/29/2015,Otro,Algodon,Mecanizado,2536,5.5
5/20/2015,9/16/2015,PAC 105,Algodon,Mecanizado,2539,4
42009,42256,DK 234 YGRR,Algodon,Manual,2540,4.8
5/19/2015,42286,P4082 (Pioneer),Algodon,Manual,2545,3.687
5/20/2015,9/15/2015,P3966 (Pioneer),Algodon,Mecanizado,2550,2.5
5/26/2015,9/25/2015,Otro,Maiz,Mecanizado,2560,6.62
5/20/2015,9/18/2015,PIONEER 30F35,Algodon,Mecanizado,2573,4
5/30/2015,9/29/2015,PIONEER 30F35,Algodon,Mecanizado,2577,2.13
5/20/2015,9/22/2015,DK 234 YGRR,Algodon,Manual,2579,4.5
5/26/2015,9/25/2015,PAC 105,Algodon,Mecanizado,2609,4
42010,9/26/2015,Otro,Algodon,Mecanizado,2635,5.2
5/28/2015,9/16/2015,Otro,Algodon,Mecanizado,2636,3.7
5/20/2015,9/15/2015,Otro,Algodon,Mecanizado,2637,4.9
42343,9/25/2015,Otro,Algodon,Mecanizado,2641,5.3
5/16/2015,42014,PIONEER 30F32,Algodon,Mecanizado,2643,4.8
5/20/2015,9/18/2015,Otro,Algodon,Mecanizado,2661,4.8
5/22/2015,9/24/2015,P3966 (Pioneer),Algodon,Mecanizado,2662,3.925
5/17/2015,9/19/2015,Impacto (Syngenta),Algodon,Mecanizado,2663,4.75
5/19/2015,9/20/2015,PAC 105,Algodon,Mecanizado,2666,2
5/15/2015,9/14/2015,Otro,Algodon,Mecanizado,2668,4.38
5/15/2015,9/17/2015,P4082 (Pioneer),Algodon,Mecanizado,2669,5.1
42068,9/16/2015,PAC 105,Algodon,Mecanizado,2675,5
42252,42286,PAC 105,Algodon,Mecanizado,2678,3
42009,42225,Otro,Algodon,Mecanizado,2679,4.9
42009,42286,PAC 105,Algodon,Mecanizado,2680,4
5/27/2015,9/28/2015,P4082 (Pioneer),Algodon,Mecanizado,2681,6.5
5/30/2015,9/28/2015,DK 234 YGRR,Pastos,Manual,2688,4.7
5/20/2015,9/30/2015,Otro,Algodon,Manual,2690,3.5
5/16/2015,9/28/2015,DK 234,Maiz,Mecanizado,2694,5
5/23/2015,9/24/2015,DK 234 YGRR,Maiz,Mecanizado,2718,4.5
5/20/2015,9/27/2015,DK 234,Maiz,Manual,2719,4.8
5/20/2015,9/15/2015,DK 234,Maiz,Manual,2721,4
5/25/2015,9/30/2015,DK 234 YGRR,Algodon,Manual,2722,3.5
5/15/2015,9/27/2015,P3966 (Pioneer),Algodon,Mecanizado,2723,6
5/18/2015,9/20/2015,P3966 (Pioneer),Algodon,Mecanizado,2733,6
5/20/2015,9/21/2015,DK 234,Algodon,Mecanizado,2735,2.8
4/24/2015,8/31/2015,P4082 (Pioneer),Algodon,Mecanizado,2736,6
4/23/2015,42013,P4082 (Pioneer),Algodon,Mecanizado,2739,5.5
5/14/2015,9/29/2015,DK 234,Maiz,Manual,2740,3.8
5/28/2015,42045,PAC 105,Algodon,Mecanizado,2746,4.2
42009,8/21/2015,Otro,Algodon,Mecanizado,2757,1.8
42190,9/25/2015,DK 234 YGRR,Algodon,Mecanizado,2762,3.4
5/16/2015,42045,DK 234,Algodon,Manual,2766,2.3
42313,9/21/2015,DK 234 YGRR,Algodon,Mecanizado,2767,4.1
5/21/2015,9/27/2015,DK 234 YGRR,Algodon,Manual,2771,4
5/25/2015,42104,DK 234 YGRR,Algodon,Mecanizado,2772,4.2
5/20/2015,42226,ADV 9339 (Syngenta),Algodon,Mecanizado,2773,2.1
5/18/2015,9/18/2015,Otro,Algodon,Mecanizado,2774,5.9
5/19/2015,9/18/2015,DK 234 YGRR,Algodon,Mecanizado,2775,3.1
42129,42286,DK 234 YGRR,Algodon,Mecanizado,2860,3
42282,9/15/2015,DK 234 YGRR,Algodon,Mecanizado,2862,4
5/25/2015,9/25/2015,P3966 (Pioneer),Algodon,Mecanizado,2863,5.1
5/17/2015,9/25/2015,P3966 (Pioneer),Algodon,Mecanizado,2864,5
42282,9/15/2015,DK7088,Algodon,Mecanizado,2865,4.6
5/20/2015,9/17/2015,Otro,Algodon,Manual,2866,2.8
5/20/2015,9/25/2015,DK 234,Algodon,Mecanizado,2867,3.3
5/16/2015,42045,PAC 105,Algodon,Manual,2873,4.6
4/13/2015,8/27/2015,Otro,Algodon,Mecanizado,2886,6.4
42343,9/28/2015,DK 234 YGRR,Algodon,Mecanizado,2888,5.5
42160,9/25/2015,Otro,Maiz,Mecanizado,2890,3.8
5/20/2015,9/29/2015,P4082 (Pioneer),Algodon,Mecanizado,2891,2.5
5/20/2015,42045,Otro,Algodon,Mecanizado,2892,3.8
4/21/2015,42286,DK7088,Algodon,Mecanizado,2893,2.95
4/21/2015,9/14/2015,DK 234 YGRR,Algodon,Mecanizado,2895,3.1
4/20/2015,42103,DK 234 YGRR,Algodon,Mecanizado,2898,3.5
4/22/2015,9/14/2015,ADV 9339 (Syngenta),Algodon,Mecanizado,2901,5
4/25/2015,9/24/2015,Otro,Algodon,Mecanizado,2902,6
4/20/2015,42347,Otro,Algodon,Mecanizado,2917,5.5
42009,9/17/2015,P3966 (Pioneer),Algodon,Mecanizado,2921,5.5
5/23/2015,42257,Otro,Algodon,Mecanizado,2937,5.85
5/17/2015,42257,DK 234 YGRR,Algodon,Mecanizado,2944,3.6
5/17/2015,9/29/2015,DK 234 YGRR,Algodon,Mecanizado,2948,3.8
5/15/2015,42287,DK 234 YGRR,Algodon,Mecanizado,2953,2.5
5/22/2015,42287,Otro,Algodon,Mecanizado,2954,5.5
42286,1/26/2016,Otro,Algodon,Mecanizado,3103,3.8
42347,1/20/2016,DK 234,Algodon,Mecanizado,3106,3.5
9/14/2015,1/27/2016,DK 234,Algodon,Mecanizado,3122,2.2
42194,1/16/2016,P3966 (Pioneer),Algodon,Mecanizado,3124,3.8
9/20/2015,1/29/2016,P4082 (Pioneer),Algodon,Mecanizado,3125,4.164
9/18/2015,1/25/2016,PIONEER 30F35,Algodon,Manual,3135,3.7
9/25/2015,42706,P4082 (Pioneer),Maiz,Mecanizado,3280,3.8
41917,9/15/2014,ADV 9339 (Syngenta),Algodon,Mecanizado,787,2.2
9/28/2015,42615,Otro,Algodon,Mecanizado,3278,4.9
42257,2/20/2016,DK 234 YGRR,Algodon,Manual,3299,2.7
5/19/2016,9/30/2016,PAC 105,Algodon,Mecanizado,4501,1.6
5/18/2016,42561,DK 234 YGRR,Algodon,Mecanizado,4502,2
5/17/2016,9/23/2016,DK 234 YGRR,Algodon,Mecanizado,4504,2.8
5/16/2016,9/24/2016,DK 234 YGRR,Algodon,Mecanizado,4506,3
5/17/2016,9/30/2016,P4082 (Pioneer),Algodon,Manual,4507,3.1
5/16/2016,42410,Otro,Algodon,Mecanizado,4510,5
5/15/2016,9/23/2016,DK 234 YGRR,Algodon,Mecanizado,4551,3.2
42495,42683,DK 234 YGRR,Algodon,Mecanizado,4605,4
42556,9/20/2016,PAC 105,Algodon,Mecanizado,4606,5
4/30/2015,9/15/2015,DK 234 YGRR,Algodon,Mecanizado,2871,4.2
4/28/2015,9/19/2015,ADV 9339 (Syngenta),Algodon,Mecanizado,2896,5.2
5/21/2015,42073,DK 234 YGRR,Algodon,Mecanizado,2153,4.5
5/15/2015,42347,DK 234 YGRR,Algodon,Mecanizado,2541,4.8
42040,9/22/2015,DK 234 YGRR,Algodon,Manual,2925,3.5
42313,9/28/2015,DK 234 YGRR,Algodon,Mecanizado,2831,4.5
4/17/2015,42103,Otro,Maiz,Manual,2836,2.2
42040,42286,PAC 105,Algodon,Mecanizado,2301,3.8
5/21/2015,9/30/2015,PAC 105,Algodon,Manual,2754,2.1
5/20/2015,9/28/2015,Otro,Algodon,Manual,2747,5
42160,9/16/2015,DK 234 YGRR,Maiz,Mecanizado,2950,2.4
42009,42225,DK 234 YGRR,Maiz,Mecanizado,2751,2.5
5/25/2015,42073,PAC 105,Maiz,Mecanizado,2752,3.2
42221,8/20/2015,P3966 (Pioneer),Algodon,Mecanizado,2302,4.5
4/29/2015,9/18/2015,DK 234 YGRR,Algodon,Mecanizado,2741,4.8
42129,9/16/2015,DK 234 YGRR,Algodon,Mecanizado,2750,2.7
5/19/2015,42226,Otro,Algodon,Mecanizado,2949,1.2
4/28/2015,9/17/2015,Otro,Algodon,Manual,2940,4.2
42190,9/16/2015,Otro,Algodon,Mecanizado,2946,3.5
42045,2/25/2016,DK 234 YGRR,Algodon,Mecanizado,3172,4
42073,2/26/2016,DK 234 YGRR,Algodon,Mecanizado,3173,4.2
9/18/2015,1/28/2016,PIONEER 30F35 HRR,Algodon,Mecanizado,3174,5
9/23/2015,42492,DK 234 YGRR,Algodon,Mecanizado,3175,5.2
9/25/2015,1/28/2016,DK 234 YGRR,Algodon,Mecanizado,3176,2.5
42195,2/17/2016,DK 234 YGRR,Algodon,Mecanizado,3177,2.5
42045,42645,DK 234 YGRR,Algodon,Mecanizado,3179,4.1
10/15/2015,2/20/2016,DK 234 YGRR,Algodon,Mecanizado,3180,2.3
42348,2/20/2016,DK 234 YGRR,Algodon,Mecanizado,3181,3.1
9/26/2015,42584,PAC 105,Algodon,Mecanizado,3182,2.1
42134,2/20/2016,DK 234 YGRR,Algodon,Mecanizado,3183,3.5
42195,2/17/2016,DK 234 YGRR,Algodon,Mecanizado,3184,2.4
9/20/2015,42645,PAC 105,Algodon,Mecanizado,3185,2.2
9/27/2015,42706,NK254 (Syngenta),Algodon,Mecanizado,3188,3.5
9/25/2015,2/14/2016,NK254 (Syngenta),Algodon,Mecanizado,3190,3
9/24/2015,42584,PAC 105,Algodon,Mecanizado,3191,3
10/16/2015,2/24/2016,P3966 (Pioneer),Algodon,Mecanizado,3192,4.5
10/22/2015,2/27/2016,Otro,Algodon,Mecanizado,3193,6.4
10/27/2015,42554,PAC 105,Algodon,Mecanizado,3194,5.1
10/27/2015,42432,Otro,Algodon,Manual,3195,5.5
9/21/2015,2/15/2016,Impacto (Syngenta),Algodon,Mecanizado,3196,5.1
9/21/2015,2/14/2016,PIONEER 30F35 H,Maiz,Mecanizado,3197,5
42104,2/28/2016,Impacto (Syngenta),Maiz,Mecanizado,3198,5
9/19/2015,42584,Otro,Algodon,Mecanizado,3202,4.8
9/30/2015,42645,Impacto (Syngenta),Maiz,Mecanizado,3203,5.15
9/22/2015,42462,Impacto (Syngenta),Maiz,Mecanizado,3204,5.4
10/13/2015,2/22/2016,ADV 9339 (Syngenta),Maiz,Mecanizado,3205,5
10/30/2015,42707,Impacto (Syngenta),Maiz,Mecanizado,3206,5
10/24/2015,42463,Impacto (Syngenta),Algodon,Mecanizado,3207,4.9
42195,2/22/2016,Otro,Algodon,Mecanizado,3208,5.1
42134,2/16/2016,ICA V 305,Algodon,Manual,3209,4.5
10/25/2015,42403,P4082 (Pioneer),Algodon,Manual,3211,5.4
42074,42707,Otro,Algodon,Manual,3212,6
42288,3/19/2016,P4082 (Pioneer),Algodon,Mecanizado,3213,5
9/25/2015,2/15/2016,Otro,Algodon,Manual,3214,4.8
9/30/2015,2/15/2016,P4082 (Pioneer),Algodon,Manual,3215,5
9/27/2015,42584,Otro,Algodon,Mecanizado,3216,4.8
9/22/2015,42402,P3966 (Pioneer),Algodon,Mecanizado,3217,5.1
10/15/2015,2/27/2016,Impacto (Syngenta),Maiz,Manual,3218,4.8
10/22/2015,42403,Otro,Algodon,Mecanizado,3219,4.9
10/15/2015,2/24/2016,DK 234,Maiz,Mecanizado,3220,4.7
9/30/2015,42584,DK 234,Maiz,Mecanizado,3221,4.1
10/15/2015,2/26/2016,DK 234,Maiz,Mecanizado,3222,4.2
42287,2/18/2016,P3966 (Pioneer),Maiz,Mecanizado,3223,4
10/13/2015,2/26/2016,PAC 105,Algodon,Mecanizado,3224,4
42195,2/22/2016,DK 234,Algodon,Mecanizado,3225,4.6
42134,2/22/2016,DK 234,Algodon,Mecanizado,3227,4.5
9/27/2015,42645,P3966 (Pioneer),Algodon,Mecanizado,3228,4.5
9/30/2015,2/15/2016,DK 234,Maiz,Manual,3230,4.2
42348,2/25/2016,Impacto (Syngenta),Algodon,Manual,3231,4
9/30/2015,42492,DK 234,Maiz,Manual,3237,4
9/30/2015,2/17/2016,DK 234,Maiz,Manual,3238,4.2
10/19/2015,2/25/2016,DK 234,Algodon,Manual,3267,4.3
42226,2/16/2016,DK 234,Algodon,Mecanizado,3268,4.6
42014,2/20/2016,DK 234,Maiz,Mecanizado,3270,4.7
42045,2/13/2016,P3966 (Pioneer),Algodon,Mecanizado,3271,4.9
9/24/2015,42462,DK 234,Maiz,Mecanizado,3273,4.5
10/25/2015,42584,PAC 105,Maiz,Manual,3274,4.2
10/21/2015,42432,Otro,Algodon,Mecanizado,3275,5.3
10/26/2015,42432,Otro,Algodon,Mecanizado,3276,5.7
42134,2/20/2016,P4082 (Pioneer),Algodon,Mecanizado,3279,4
41795,41921,PIONEER 30F35,Maiz,Mecanizado,769,5.1
9/28/2015,2/18/2016,PIONEER 30F35 HRR,Maiz,Mecanizado,3312,5
9/28/2015,2/19/2016,DK 234,Maiz,Manual,3313,3.8
9/25/2015,42615,DK 234,Maiz,Manual,3314,3.6
9/25/2015,42584,Impacto (Syngenta),Maiz,Manual,3315,3.5
9/27/2015,42706,DK 234,Maiz,Manual,3316,3.6
9/29/2015,2/13/2016,DK 234,Maiz,Mecanizado,3317,4
5/28/2014,9/25/2014,PAC 105,Algodon,Manual,779,3.5
41856,41982,DK 234,Algodon,Mecanizado,780,5.5
42014,2/20/2016,PAC 105,Algodon,Manual,3320,5
42073,2/18/2016,DK 234,Algodon,Mecanizado,3321,6.5
42104,2/19/2016,DK 234,Maiz,Mecanizado,3322,1.8
9/28/2015,2/24/2016,DK 234,Algodon,Mecanizado,3323,5.2
8/27/2013,41672,PAC 105,Algodon,Manual,786,4.6
9/26/2015,2/14/2016,Impacto (Syngenta),Maiz,Manual,3326,4
9/27/2015,42645,DK 234,Algodon,Mecanizado,3328,4
9/15/2015,2/28/2016,DK 234,Maiz,Manual,3329,3.7
9/22/2015,42584,P3966 (Pioneer),Maiz,Manual,3330,3.7
42045,42706,Impacto (Syngenta),Algodon,Manual,3331,3.5
42134,2/18/2016,DK 234,Algodon,Manual,3332,3.5
42014,2/15/2016,ICA V 109,Maiz,Mecanizado,3333,3.2
42045,42706,ICA V 109,Algodon,Mecanizado,3334,3
42134,2/18/2016,ADV 9339 (Syngenta),Algodon,Manual,3335,4.3
41887,41679,Otro,Maiz,Mecanizado,807,4.7
9/30/2015,2/13/2016,DK7088,Algodon,Manual,3337,4.5
9/15/2015,1/28/2016,Otro,Maiz,Manual,3339,4.2
9/20/2015,42431,Otro,Maiz,Manual,3340,4.5
42073,2/13/2016,P3966 (Pioneer),Maiz,Manual,3341,4.5
10/13/2015,2/25/2016,Otro,Maiz,Manual,3342,4.2
42134,2/16/2016,ADV 9339 (Syngenta),Maiz,Mecanizado,3343,4.1
9/18/2015,1/26/2016,ADV 9339 (Syngenta),Maiz,Manual,3344,4.2
42287,2/25/2016,Otro,Maiz,Manual,3345,4.5
9/26/2015,2/15/2016,Otro,Maiz,Manual,3346,4.3
42045,42706,Otro,Algodon,Manual,3347,4.3
9/28/2015,42615,Otro,Maiz,Manual,3348,4.5
5/20/2014,9/25/2014,Otro,Maiz,Mecanizado,825,4.3
41917,9/18/2014,Otro,Algodon,Manual,828,4.2
41978,9/23/2014,DK 234,Maiz,Manual,834,4
41917,9/20/2014,P3966 (Pioneer),Algodon,Manual,836,4
41279,9/17/2013,DK 234,Maiz,Manual,841,4
41920,12/23/2014,Otro,Algodon,Manual,1778,4.5
42465,9/24/2016,Otro,Maiz,Manual,3690,4.6
5/14/2016,9/24/2016,P3966 (Pioneer),Algodon,Manual,3698,4.5
5/17/2016,9/25/2016,Otro,Algodon,Mecanizado,3699,4.6
5/17/2016,9/29/2016,Otro,Maiz,Manual,3701,4.5
4/28/2016,8/22/2016,Otro,Maiz,Manual,3713,4.6
5/13/2016,9/19/2016,P3966 (Pioneer),Maiz,Manual,3732,4
4/30/2016,42713,Otro,Algodon,Manual,3739,4.6
42648,9/19/2016,ADV 9339 (Syngenta),Maiz,Manual,3741,4.2
42495,9/13/2016,Otro,Maiz,Manual,3744,4.3
4/25/2016,42560,P3966 (Pioneer),Maiz,Manual,3751,4.5
42648,9/22/2016,ADV 9339 (Syngenta),Maiz,Manual,3775,4.4
5/16/2016,9/30/2016,P4082 (Pioneer),Maiz,Manual,3815,4.6
42465,9/19/2016,P3966 (Pioneer),Maiz,Manual,3816,4.5
4/25/2016,42499,Otro,Algodon,Manual,3817,4.4
5/17/2016,9/29/2016,P3966 (Pioneer),Algodon,Manual,3818,4.5
5/16/2016,9/26/2016,Otro,Algodon,Manual,3819,4.5
4/27/2016,42591,DK 234 YGRR,Maiz,Mecanizado,3821,5.5
42434,9/19/2016,PAC 105,Maiz,Mecanizado,3825,3
42465,42713,DK7088,Maiz,Mecanizado,3826,5
42405,9/14/2016,Otro,Maiz,Manual,3828,4.2
42556,9/19/2016,CORPOICA V 114,Maiz,Manual,3830,2.5
42527,10/21/2016,PIONEER 30F35 HRR,Maiz,Manual,3849,3.8
5/27/2016,42653,PIONEER 30F35 HRR,Maiz,Mecanizado,3853,3.8
42648,9/21/2016,DK 234 YGRR,Maiz,Manual,3856,3.5
4/28/2016,9/14/2016,PIONEER 30F35 HRR,Maiz,Manual,3857,4
42434,9/14/2016,P3966 (Pioneer),Maiz,Mecanizado,3911,5
42587,9/20/2016,P3966 (Pioneer),Maiz,Mecanizado,3912,5.5
4/30/2016,42652,PIONEER 30F35 HRR,Maiz,Manual,3913,4.5
42374,9/19/2016,ADV 9293 (Syngenta),Maiz,Manual,3914,3.2
5/30/2015,42134,DK 234 YGRR,Maiz,Manual,2030,5.6
42374,9/13/2016,DK 234 YGRR,Maiz,Manual,3916,3.1
42405,42713,FNC 114,Maiz,Manual,3917,5.3
42495,42713,PIONEER 30F35 HRR,Maiz,Manual,3918,5.1
42526,9/14/2016,PIONEER 30F35 HRR,Maiz,Manual,3920,4.8
42495,9/20/2016,DK 234 YGRR,Maiz,Manual,3921,5
4/30/2016,9/20/2016,DK 234 YGRR,Maiz,Mecanizado,3923,4.1
42648,9/21/2016,DK7088,Maiz,Manual,3924,5
42709,9/14/2016,PIONEER 30F35 HRR,Maiz,Manual,3926,3.6
42374,9/13/2016,P3966 (Pioneer),Maiz,Mecanizado,3927,5.8
42526,9/14/2016,PIONEER 30F35 HRR,Maiz,Mecanizado,3930,6
42405,42713,P3966 (Pioneer),Maiz,Mecanizado,3931,5.5
5/20/2015,9/28/2015,DK7088,Maiz,Mecanizado,2047,6.1
42405,9/13/2016,PIONEER 30F35 HRR,Maiz,Manual,3936,5.5
42709,9/24/2016,PIONEER 30F35 HRR,Maiz,Mecanizado,3937,5.2
42587,9/20/2016,PIONEER 30F35 HRR,Maiz,Mecanizado,3939,5.2
5/13/2016,9/27/2016,PIONEER 30F35 HRR,Maiz,Mecanizado,3940,4.1
42465,42713,P3966 (Pioneer),Maiz,Mecanizado,3942,5.8
5/20/2015,9/28/2015,P3966 (Pioneer),Maiz,Mecanizado,2057,5.8
5/18/2015,9/28/2015,DK 234 YGRR,Maiz,Mecanizado,2063,5.3
42495,9/20/2016,PIONEER 30F35 HRR,Maiz,Manual,3945,5.1
42343,9/22/2015,Impacto (Syngenta),Maiz,Manual,2065,4.5
5/18/2015,9/23/2015,Impacto (Syngenta),Maiz,Mecanizado,2066,4.5
5/16/2016,42500,PIONEER 30F35 HRR,Maiz,Manual,3958,4.3
5/20/2015,9/25/2015,DK 234,Maiz,Manual,2068,4.2
42587,9/20/2016,DK 234 YGRR,Maiz,Manual,3961,3.5
5/23/2015,9/28/2015,DK7088,Maiz,Manual,2070,3.4
5/25/2015,42045,PIONEER 30F35 HRR,Maiz,Manual,2071,4.6
5/21/2015,9/28/2015,DK7088,Maiz,Mecanizado,2072,5.2
5/23/2015,42045,PIONEER 30F35 HRR,Maiz,Mecanizado,2074,4
5/18/2015,9/28/2015,PIONEER 30F35 HRR,Maiz,Manual,2076,4.3
5/24/2015,42045,DK7088,Maiz,Manual,2077,5.2
42556,9/18/2016,PIONEER 30F35 HRR,Maiz,Manual,3981,5.2
42465,9/20/2016,PIONEER 30F35 HRR,Maiz,Mecanizado,3983,5.1
42465,9/19/2016,DK 234,Maiz,Manual,3984,4.9
5/23/2015,42014,PIONEER 30F35 HRR,Maiz,Manual,2098,5.2
5/21/2015,9/28/2015,DK7088,Maiz,Manual,2099,3.9
5/24/2015,9/28/2015,Impacto (Syngenta),Pastos,Manual,2100,4.3
5/20/2015,42014,PIONEER 30F35 HRR,Maiz,Manual,2101,5.2
5/21/2015,9/28/2015,PIONEER 30F35 H,Maiz,Manual,2102,4.2
5/25/2015,9/30/2015,Impacto (Syngenta),Pastos,Manual,2103,4.2
5/20/2015,42045,PIONEER 30F35 HRR,Pastos,Manual,2104,4.6
42343,9/21/2015,PIONEER 30F35 HRR,Maiz,Manual,2105,5.2
42526,9/19/2016,ADV 9339 (Syngenta),Pastos,Manual,4161,4.5
42648,9/20/2016,PIONEER 30F35 HRR,Pastos,Manual,4162,4.8
5/20/2015,9/28/2015,Sinko (Syngenta),Maiz,Manual,2109,3.1
42526,42652,PIONEER 30F35 H,Maiz,Manual,4165,3.8
42434,42713,Otro,Maiz,Manual,4166,1.2
42648,9/22/2016,Sinko (Syngenta),Maiz,Manual,4167,3.2
42618,9/24/2016,P3966 (Pioneer),Maiz,Mecanizado,4251,5.9
5/15/2016,9/27/2016,DK 234 YGRR,Maiz,Mecanizado,4252,5.8
42648,9/28/2016,DK7088,Maiz,Manual,4376,5.1
42374,9/27/2016,PIONEER 30F35 HRR,Maiz,Manual,4377,4.7
4/27/2016,9/23/2016,PIONEER 30F35 HRR,Maiz,Manual,4378,5.5
4/25/2016,9/24/2016,ADV 9339 (Syngenta),Maiz,Manual,4379,3.2
42709,9/21/2016,Otro,Maiz,Manual,4390,3.2
42526,9/21/2016,DK 234,Maiz,Manual,4391,5
42709,9/22/2016,PIONEER 30F35 HRR,Maiz,Mecanizado,4414,4.7
42709,9/20/2016,PIONEER 30F35 HRR,Maiz,Manual,4417,4.8
42587,9/20/2016,PIONEER 30F35 HRR,Maiz,Manual,4419,6.1
42587,9/18/2016,Impacto (Syngenta),Maiz,Manual,4421,5.6
42495,42713,PIONEER 30F35 HRR,Maiz,Manual,4434,5.4
42495,9/18/2016,Otro,Maiz,Manual,4439,1.6
5/25/2015,42134,DK7088,Maiz,Manual,2447,5.3
5/20/2015,9/29/2015,DK7088,Maiz,Mecanizado,2449,5
5/26/2015,42104,PIONEER 30F35 HRR,Maiz,Manual,2450,5.2
5/20/2015,9/28/2015,Otro,Maiz,Manual,2452,1.8
5/24/2015,42073,Otro,Maiz,Manual,2454,1.8
42709,9/28/2016,DK 234 YGRR,Maiz,Mecanizado,4564,3.9
5/20/2016,42714,DK 234 YGRR,Maiz,Mecanizado,4565,3.9
42709,9/24/2016,Otro,Maiz,Mecanizado,4566,4
5/14/2016,9/30/2016,P3966 (Pioneer),Maiz,Mecanizado,4567,4.3
5/15/2016,42623,Otro,Maiz,Manual,4570,3.5
5/15/2015,9/25/2015,P3966 (Pioneer),Maiz,Manual,2502,3.8
5/27/2015,10/29/2015,P3966 (Pioneer),Maiz,Mecanizado,2503,4.1
5/20/2015,9/27/2015,DK 234 YGRR,Maiz,Mecanizado,2504,4.1
5/20/2016,42653,DK 234 YGRR,Maiz,Mecanizado,4577,4
42495,9/15/2016,P3966 (Pioneer),Maiz,Manual,4597,3.9
42618,9/25/2016,P3966 (Pioneer),Maiz,Manual,4598,3.9
42434,42652,DK 234 YGRR,Maiz,Mecanizado,4599,4
5/16/2015,9/27/2015,DK 234 YGRR,Maiz,Mecanizado,2523,4
5/18/2015,9/28/2015,DK 234 YGRR,Maiz,Manual,2526,4.1
42587,9/20/2016,DK 234,Maiz,Manual,4610,5.1
42587,9/23/2016,PIONEER 30F35 HRR,Maiz,Manual,4611,6
5/24/2016,42592,DK 234,Maiz,Manual,4614,5.4
42618,9/25/2016,DK 234,Maiz,Mecanizado,4615,5.1
42709,9/26/2016,Impacto (Syngenta),Maiz,Mecanizado,4616,5.8
42709,9/26/2016,DK7088,Maiz,Mecanizado,4618,5.8
5/20/2015,9/26/2015,PIONEER 30F35 HRR,Maiz,Mecanizado,2554,5.6
5/15/2016,42379,Impacto (Syngenta),Maiz,Manual,4628,5.3
5/25/2016,42439,DK7088,Maiz,Mecanizado,4629,5.1
5/25/2015,42134,PIONEER 30F35 HRR,Maiz,Manual,2562,5.3
5/25/2015,10/15/2015,PIONEER 30F35 HRR,Maiz,Manual,2564,5.2
5/26/2015,42134,PIONEER 30F35 H,Maiz,Manual,2565,5.8
5/16/2015,9/28/2015,DK 234,Maiz,Manual,2566,5.5
5/18/2015,42348,DK7088,Maiz,Mecanizado,2567,5.8
42010,42348,PIONEER 30F35 HRR,Maiz,Mecanizado,2569,5.5
5/18/2016,42499,DK 234,Maiz,Manual,4637,5.7
5/16/2015,9/28/2015,Otro,Maiz,Manual,2575,2.1
5/24/2015,42134,Otro,Maiz,Manual,2576,2.2
5/19/2016,9/30/2016,Otro,Maiz,Manual,4640,2.3
5/21/2015,9/28/2015,PIONEER 30F35 HRR,Maiz,Manual,2578,5.6
5/19/2016,9/30/2016,Status (Syngenta),Maiz,Mecanizado,4642,6.6
5/20/2015,9/30/2015,P3966 (Pioneer),Algodon,Mecanizado,2580,6.8
5/25/2015,42134,DK 234 YGRR,Algodon,Mecanizado,2581,6.4
5/20/2015,42134,P4082 (Pioneer),Algodon,Mecanizado,2582,5.8
5/21/2015,9/29/2015,DK7088,Algodon,Mecanizado,2583,6.7
42190,9/21/2015,ADV 9339 (Syngenta),Maiz,Manual,2584,5
5/26/2015,42134,Impacto (Syngenta),Maiz,Manual,2585,5.8
5/18/2015,9/28/2015,ADV 9339 (Syngenta),Maiz,Manual,2586,5.5
5/20/2015,9/28/2015,Impacto (Syngenta),Maiz,Mecanizado,2587,7
5/16/2015,9/29/2015,Impacto (Syngenta),Maiz,Mecanizado,2588,7
5/15/2015,9/29/2015,DK 234,Pastos,Mecanizado,2589,2.8
5/17/2015,9/28/2015,Otro,Algodon,Mecanizado,2591,5.5
5/26/2015,9/29/2015,DK 234,Maiz,Manual,2592,6
5/22/2015,42134,DK7088,Maiz,Manual,2594,6.5
5/20/2015,9/25/2015,Otro,Algodon,Mecanizado,2595,5
5/22/2015,9/28/2015,PIONEER 30F35 HRR,Maiz,Mecanizado,2596,6.5
5/18/2015,42134,P3966 (Pioneer),Pastos,Mecanizado,2597,3.2
5/20/2016,42500,Otro,Maiz,Manual,4664,4.5
5/27/2015,42348,ADV 9293 (Syngenta),Algodon,Mecanizado,2618,5.2
5/18/2015,9/28/2015,DK 234,Maiz,Mecanizado,2619,5.6
5/16/2015,9/29/2015,DK 234,Maiz,Mecanizado,2620,6.1
42343,9/24/2015,PIONEER 30F35 H,Maiz,Mecanizado,2621,6.2
5/18/2015,9/30/2015,DK 1596,Maiz,Mecanizado,2623,5.2
5/15/2015,9/22/2015,PIONEER 30F35 HRR,Maiz,Mecanizado,2624,5.8
5/20/2015,9/30/2015,Otro,Algodon,Mecanizado,2626,6.5
5/21/2015,9/28/2015,P3966 (Pioneer),Maiz,Mecanizado,2628,6.5
5/23/2015,42318,P3966 (Pioneer),Maiz,Mecanizado,2629,6.3
5/18/2015,9/28/2015,P3966 (Pioneer),Maiz,Mecanizado,2630,6.7
5/24/2015,9/30/2015,P3966 (Pioneer),Maiz,Mecanizado,2632,6.5
5/25/2015,42014,Otro,Maiz,Mecanizado,2633,6.5
9/23/2015,42645,P3966 (Pioneer),Maiz,Mecanizado,3336,6.8
42221,9/29/2015,Otro,Maiz,Manual,2292,5.7
5/20/2015,9/28/2015,Otro,Algodon,Mecanizado,2442,6.4
42040,9/18/2015,Otro,Algodon,Mecanizado,2935,6.4
4/23/2015,8/31/2015,Otro,Pastos,Manual,2403,4.9
42129,42317,PIONEER 30F35,Pastos,Manual,2553,4.9
4/29/2015,9/15/2015,P3966 (Pioneer),Algodon,Mecanizado,2826,6.1
4/25/2015,42044,PIONEER 30F35 HRR,Maiz,Manual,2300,6.9
42343,9/21/2015,Otro,Maiz,Manual,2763,7.2
42099,9/14/2015,Otro,Maiz,Manual,2738,7.2
4/24/2015,9/15/2015,P3966 (Pioneer),Algodon,Mecanizado,2923,6.2
5/23/2015,10/13/2015,ADV 9339 (Syngenta),Maiz,Mecanizado,2924,5.7
42129,9/21/2015,ADV 9293 (Syngenta),Algodon,Mecanizado,2889,6.1
4/20/2015,9/23/2015,P3966 (Pioneer),Algodon,Mecanizado,2897,6.3
5/22/2015,9/30/2015,DK7088,Frijol,Mecanizado,2748,6
42129,9/25/2015,ADV 9339 (Syngenta),Algodon,Mecanizado,2942,5.5
42129,9/25/2015,PIONEER 30F35,Maiz,Manual,2945,6
42099,9/24/2015,P3966 (Pioneer),Algodon,Mecanizado,2939,5.8
4/25/2015,9/16/2015,ADV 9339 (Syngenta),Algodon,Mecanizado,2938,6.1
42133,42583,DK 234,Maiz,Manual,3044,5.7
42286,1/15/2016,DK 234,Algodon,Mecanizado,3048,5.4
NULL,2/18/2016,DK7088,Algodon,Mecanizado,3178,6.4
42134,2/14/2016,ADV 9339 (Syngenta),Algodon,Manual,3201,6.3
42045,2/16/2016,PIONEER 30F35 H,Algodon,Manual,3229,6.1
42165,2/22/2016,DK 234 YGRR,Maiz,Mecanizado,3297,6.2
9/26/2015,42584,P3966 (Pioneer),Maiz,Mecanizado,3298,6.4
9/13/2015,1/28/2016,ADV 9293 (Syngenta),Algodon,Mecanizado,3300,6.1
9/27/2015,42645,PIONEER 30F35 HRR,Maiz,Mecanizado,3301,5.6
42045,2/19/2016,P3966 (Pioneer),Maiz,Mecanizado,3318,6.2
42014,2/21/2016,DK 234,Maiz,Mecanizado,3319,5.7
9/27/2015,2/20/2016,ADV 9339 (Syngenta),Frijol,Manual,3324,5.5
42648,9/27/2016,PIONEER 30F35 HRR,Maiz,Mecanizado,4561,5
42495,9/22/2016,DK 234,Algodon,Mecanizado,4568,5.3
5/20/2016,42714,DK7088,Algodon,Mecanizado,4569,5.9
42587,9/25/2016,DK 234,Algodon,Mecanizado,4612,5.6
42405,42713,ADV 9293 (Syngenta),Maiz,Mecanizado,4613,5.9
42709,9/26/2016,PIONEER 30F35 H,Maiz,Mecanizado,4620,6.7
42679,9/22/2016,P3966 (Pioneer),Maiz,Mecanizado,4621,6.2
42679,9/22/2016,P3966 (Pioneer),Maiz,Mecanizado,4623,6.3
5/22/2016,42531,P3966 (Pioneer),Algodon,Mecanizado,4633,6.2
5/15/2016,9/30/2016,P3966 (Pioneer),Algodon,Mecanizado,4634,5.7
42618,9/19/2016,DK 234,Algodon,Mecanizado,3824,6
42709,9/20/2016,Otro,Algodon,Mecanizado,3865,4.8
42465,9/17/2016,PIONEER 30F35 HRR,Maiz,Mecanizado,3866,6.2
6/21/2016,10/25/2016,Otro,Maiz,Mecanizado,3881,6.4
5/21/2016,10/27/2016,Otro,Algodon,Mecanizado,3882,5.9
42709,9/26/2016,Otro,Algodon,Mecanizado,3883,6
42405,9/20/2016,DK 234,Algodon,Mecanizado,3890,6.4
5/23/2016,42592,P3966 (Pioneer),Algodon,Mecanizado,4666,6.7
42587,9/24/2016,DK 234,Maiz,Mecanizado,4667,5.4
4/29/2016,42713,DK 234,Algodon,Mecanizado,3915,5.3
42648,9/19/2016,PIONEER 30F35 HRR,Algodon,Mecanizado,3932,5.8
42556,9/18/2016,P3966 (Pioneer),Algodon,Manual,3935,6.7
42465,9/15/2016,ADV 9339 (Syngenta),Algodon,Mecanizado,3943,5.4
42648,9/21/2016,DK 234,Algodon,Mecanizado,3944,5.1
42648,9/29/2016,Otro,Maiz,Manual,3946,5.1
5/15/2016,42561,DK 234,Algodon,Mecanizado,3957,5.3
42709,42561,DK 234,Algodon,Mecanizado,3960,5.2
42526,9/13/2016,P3966 (Pioneer),Algodon,Manual,3963,6.1
42556,9/13/2016,P3966 (Pioneer),Maiz,Mecanizado,4153,5.8
42556,9/28/2016,DK 234,Algodon,Mecanizado,4155,5.5
42526,9/13/2016,ADV 9339 (Syngenta),Algodon,Mecanizado,4156,5.6
42495,9/14/2016,DK 234,Algodon,Mecanizado,4157,5.7
42465,42713,DK 234,Algodon,Mecanizado,4158,5.2
42465,9/14/2016,ADV 9339 (Syngenta),Algodon,Mecanizado,4159,5.9
42556,9/13/2016,Otro,Algodon,Mecanizado,4163,6.7
42495,9/13/2016,Otro,Algodon,Mecanizado,4164,6.5
42709,9/27/2016,Otro,Algodon,Mecanizado,4238,6.5
42526,9/19/2016,ADV 9339 (Syngenta),Maiz,Mecanizado,4243,6.8
42648,9/22/2016,DK 234,Algodon,Mecanizado,4249,7
5/16/2016,9/29/2016,DK 234 YGRR,Algodon,Mecanizado,4291,5.5
4/23/2015,9/18/2015,P3966 (Pioneer),Algodon,Mecanizado,2894,6.7
5/17/2016,42531,PIONEER 30F35 H,Maiz,Manual,4331,6
5/22/2016,42439,DK 234,Maiz,Mecanizado,4332,6.2
42618,9/19/2016,P3966 (Pioneer),Maiz,Mecanizado,4333,6
42648,9/19/2016,P3966 (Pioneer),Algodon,Mecanizado,4335,6.5
42648,9/20/2016,P3966 (Pioneer),Algodon,Mecanizado,4336,6.4
42648,9/20/2016,P3966 (Pioneer),Algodon,Mecanizado,4337,6.5
42679,9/23/2016,DK 234,Algodon,Mecanizado,4352,6.1
6/18/2016,10/25/2016,P3966 (Pioneer),Algodon,Mecanizado,4355,6.3
42465,9/18/2016,DK 234,Algodon,Mecanizado,4362,5.3
4/30/2016,9/15/2016,DK 234,Algodon,Mecanizado,4375,6.2
42526,42379,ADV 9293 (Syngenta),Maiz,Mecanizado,4380,5
4/24/2016,9/23/2016,DK 234,Algodon,Manual,4381,5.5
42556,42439,DK 234,Algodon,Mecanizado,4382,5.7
42556,42470,DK 234,Frijol,Mecanizado,4383,5.4
42648,9/28/2016,DK 234,Algodon,Mecanizado,4384,6
42618,9/20/2016,P3966 (Pioneer),Algodon,Mecanizado,4386,6.3
42618,8/21/2016,DK 234,Algodon,Mecanizado,4387,5.4
4/29/2016,9/29/2016,P3966 (Pioneer),Maiz,Mecanizado,4388,6.3
42465,42410,Otro,Pastos,Mecanizado,4389,7
42709,9/20/2016,Otro,Maiz,Mecanizado,4392,6.8
42709,9/20/2016,Otro,Algodon,Mecanizado,4431,6.7
42526,9/15/2016,ICA V 156,Maiz,Manual,4432,4
42495,42713,Otro,Maiz,Mecanizado,4433,5.8
42465,9/18/2016,Otro,Algodon,Mecanizado,4435,6.5
5/16/2016,9/30/2016,Otro,Maiz,Mecanizado,4436,6.7
42526,9/20/2016,Otro,Algodon,Mecanizado,4437,6.5
5/17/2016,42379,P3966 (Pioneer),Algodon,Mecanizado,4438,6.7
42526,9/14/2016,Otro,Algodon,Mecanizado,4440,6.5
42465,9/16/2016,Otro,Maiz,Mecanizado,4441,6.5
42495,9/17/2016,Otro,Maiz,Mecanizado,4443,5.5
42405,9/14/2016,Otro,Maiz,Mecanizado,4444,6.2
42587,9/22/2016,Otro,Maiz,Mecanizado,4445,6.2
42556,9/18/2016,Otro,Maiz,Mecanizado,4500,6.4
42556,9/18/2016,Otro,Maiz,Mecanizado,4503,6.5
5/20/2016,42470,Otro,Maiz,Mecanizado,4505,6.1
42495,9/20/2016,Otro,Algodon,Mecanizado,4508,6.3
5/25/2016,42500,Otro,Maiz,Mecanizado,4509,6.2
5/22/2016,42439,Otro,Maiz,Mecanizado,4511,5.8
5/28/2016,10/13/2016,Otro,Maiz,Mecanizado,4537,5.5
5/20/2016,9/28/2016,Otro,Maiz,Mecanizado,4538,5.2
5/18/2016,42531,Otro,Maiz,Mecanizado,4541,6.4
5/15/2016,9/29/2016,Otro,Algodon,Mecanizado,4543,6
5/22/2016,42470,Otro,Maiz,Mecanizado,4544,6.5
5/19/2016,42439,Otro,Maiz,Mecanizado,4546,6.5
42526,9/24/2016,Otro,Maiz,Mecanizado,4547,6.3
5/19/2016,42500,Otro,Maiz,Mecanizado,4548,5.8
42648,9/20/2016,Otro,Maiz,Mecanizado,4556,5.4
42465,9/14/2016,Otro,Maiz,Mecanizado,4571,5.7
5/19/2016,42500,Otro,Maiz,Mecanizado,4574,6
42618,9/25/2016,ADV 9339 (Syngenta),Maiz,Manual,4596,6.7
42648,9/19/2016,Otro,Maiz,Mecanizado,4600,6.5
5/16/2016,42653,Otro,Maiz,Mecanizado,4601,6.1
5/15/2016,9/28/2016,P4082 (Pioneer),Maiz,Mecanizado,4602,5.9
42556,9/21/2016,Otro,Maiz,Manual,4607,5.7
42649,42684,Otro,Maiz,Mecanizado,4608,6.1
5/25/2016,42592,P4082 (Pioneer),Maiz,Mecanizado,4609,5.7
42679,9/22/2016,P4082 (Pioneer),Maiz,Mecanizado,4625,5.6
42679,9/24/2016,Otro,Maiz,Mecanizado,4627,6
5/25/2016,9/30/2016,Otro,Maiz,Mecanizado,4630,5.8
4/29/2016,42652,P4082 (Pioneer),Maiz,Manual,4631,5.8
5/16/2016,42713,Otro,Maiz,Mecanizado,4632,6.5
42679,9/26/2016,Otro,Maiz,Manual,4635,6.3
42556,42622,P4082 (Pioneer),Maiz,Mecanizado,4636,5.9
5/18/2016,42500,DK 234 YGRR,Maiz,Mecanizado,4638,7.95
42618,9/25/2016,P3966 (Pioneer),Maiz,Mecanizado,4639,8.2
42618,9/24/2016,P3966 (Pioneer),Maiz,Mecanizado,4641,6.186
5/19/2016,9/30/2016,Otro,Maiz,Mecanizado,4643,8.3
5/16/2016,9/28/2016,P3966 (Pioneer),Maiz,Mecanizado,4644,6.28
5/16/2016,9/28/2016,Otro,Maiz,Mecanizado,4645,7.5
5/20/2016,42500,Otro,Maiz,Mecanizado,4647,5.675
5/15/2016,9/30/2016,P4082 (Pioneer),Maiz,Mecanizado,4650,6.5
5/20/2016,42500,Otro,Maiz,Mecanizado,4651,6.9
5/24/2016,42714,Otro,Maiz,Manual,4652,6
42618,9/21/2016,DK 234 YGRR,Maiz,Mecanizado,4653,6.14
42618,9/21/2016,Otro,Maiz,Manual,4654,5.49
42618,9/21/2016,Otro,Maiz,Mecanizado,4655,5.362
5/22/2016,42623,Otro,Maiz,Manual,4657,6.12
42465,9/20/2016,Otro,Maiz,Manual,4658,5.85
42465,9/20/2016,ADV 9293 (Syngenta),Maiz,Manual,4659,5.5
5/18/2016,42410,Cerato (Syngenta),Algodon,Mecanizado,4660,7.45
5/20/2016,42561,PIONEER 30F35 H,Maiz,Manual,4661,4.9
42709,9/28/2016,Otro,Maiz,Manual,4663,4.82
42618,9/24/2016,Otro,Maiz,Mecanizado,4665,6.332
42587,9/26/2016,Otro,Algodon,Mecanizado,4668,7
5/23/2016,42653,P3966 (Pioneer),Maiz,Mecanizado,4669,7.2
42679,9/22/2016,P3966 (Pioneer),Maiz,Mecanizado,4670,6.75
5/21/2016,42470,Otro,Algodon,Manual,4671,8.2
5/14/2016,9/30/2016,Otro,Algodon,Mecanizado,4672,8.3
42556,9/23/2016,Otro,Maiz,Mecanizado,4673,6.2
42618,9/21/2016,Otro,Maiz,Manual,4674,6
42618,9/21/2016,Otro,Algodon,Mecanizado,4675,7.66
5/19/2015,42257,DK7088,Maiz,Mecanizado,2952,7.99
42160,42317,DK 234 YGRR,Algodon,Mecanizado,2737,7.7
42221,42014,Otro,Maiz,Manual,2837,6.8
5/18/2015,42195,PIONEER 30F35 HRR,Maiz,Mecanizado,2915,7.6
4/20/2015,9/15/2015,Otro,Algodon,Manual,2899,5.7
5/18/2015,10/16/2015,P3966 (Pioneer),Algodon,Mecanizado,2909,7.9
4/23/2015,9/22/2015,P3966 (Pioneer),Maiz,Mecanizado,2914,7.88
4/24/2015,9/17/2015,Otro,Maiz,Mecanizado,2926,7.9
4/23/2015,42286,DK 234 YGRR,Maiz,Mecanizado,2936,7.5
42221,9/28/2015,Otro,Maiz,Mecanizado,2941,7.55
42009,9/14/2015,ADV 9339 (Syngenta),Maiz,Mecanizado,2835,7.9
9/21/2015,42584,Otro,Maiz,Mecanizado,3282,7
42073,2/15/2016,P3966 (Pioneer),Maiz,Mecanizado,3285,8
42104,2/16/2016,P3966 (Pioneer),Algodon,Mecanizado,3286,8
42104,2/16/2016,Otro,Maiz,Mecanizado,3287,7.35
42073,2/19/2016,Sinko (Syngenta),Maiz,Mecanizado,3290,7.1
42073,2/17/2016,DK 234 YGRR,Algodon,Mecanizado,3291,7.5
9/20/2015,42584,DK7088,Algodon,Mecanizado,3306,8
9/20/2015,42615,P4082 (Pioneer),Algodon,Mecanizado,3307,7.5
9/25/2015,42645,P3966 (Pioneer),Algodon,Mecanizado,3308,6.05
9/26/2015,42706,Otro,Algodon,Mecanizado,3309,7
9/26/2015,2/14/2016,Otro,Algodon,Mecanizado,3310,6.2
9/25/2015,2/16/2016,PIONEER 30F35 HRR,Algodon,Mecanizado,3325,7.2
4/30/2013,41403,PIONEER 30F35,Algodon,Mecanizado,839,6.25
5/26/2014,41708,Otro,Maiz,Mecanizado,785,7.9
11/15/2013,3/31/2014,DK7088,Maiz,Mecanizado,789,6.52
42434,42713,P3966 (Pioneer),Maiz,Manual,3829,6.5
42648,9/19/2016,P3966 (Pioneer),Maiz,Mecanizado,4299,6.2
42679,9/20/2016,Otro,Maiz,Mecanizado,4385,5.87
42526,9/17/2016,Cerato (Syngenta),Algodon,Mecanizado,4429,7.9
5/14/2016,9/26/2016,P4082 (Pioneer),Algodon,Mecanizado,4430,8
9/15/2015,1/28/2016,Otro,Maiz,Mecanizado,3123,8
42045,2/14/2016,P3966 (Pioneer),Maiz,Mecanizado,3232,7.5
9/29/2015,42676,DK 234 YGRR,Algodon,Mecanizado,3236,7.5
42045,2/16/2016,Otro,Algodon,Mecanizado,3251,8
42134,2/19/2016,Otro,Maiz,Manual,3252,8
42045,2/23/2016,Otro,Algodon,Mecanizado,3255,7.9
9/18/2015,1/30/2016,DK 234 YGRR,Algodon,Mecanizado,3256,7
9/21/2015,42431,Otro,Algodon,Mecanizado,3257,6.7
9/17/2015,42492,Otro,Algodon,Mecanizado,3260,6
9/26/2015,2/15/2016,Otro,Algodon,Mecanizado,3261,6
9/19/2015,42615,PIONEER 30F35 HRR,Algodon,Mecanizado,3263,6.1
9/21/2015,42676,P3966 (Pioneer),Maiz,Mecanizado,3264,6.75
9/19/2015,42462,P4082 (Pioneer),Maiz,Mecanizado,3266,6.1
9/19/2015,42553,DK7088,Algodon,Mecanizado,3281,6.7
5/19/2015,9/30/2015,DK 234 YGRR,Algodon,Manual,2617,6.8
42165,2/25/2016,P4082 (Pioneer),Algodon,Mecanizado,3294,7
42165,2/25/2016,P4082 (Pioneer),Maiz,Manual,3295,6.9
9/25/2015,2/20/2016,Otro,Algodon,Mecanizado,3022,6.4
42104,2/16/2016,Otro,Algodon,Mecanizado,3170,6.05
9/15/2015,42402,Otro,Maiz,Mecanizado,3187,6.35
10/20/2015,2/27/2016,PIONEER 30F35 HRR,Maiz,Mecanizado,3210,6.55
42014,42645,Otro,Maiz,Mecanizado,3233,6.3
42073,2/20/2016,Otro,Algodon,Mecanizado,3234,6.3
42014,2/15/2016,Otro,Algodon,Mecanizado,3235,6
42045,42645,Otro,Algodon,Mecanizado,3239,6.5
42073,42706,Otro,Algodon,Mecanizado,3240,6.99
9/27/2015,42553,Otro,Algodon,Mecanizado,3241,6.9
9/29/2015,42676,Otro,Algodon,Mecanizado,3242,6.38
9/26/2015,42706,Otro,Algodon,Mecanizado,3243,6.75
42104,2/20/2016,P3966 (Pioneer),Algodon,Mecanizado,3247,6.05
42014,2/16/2016,DK 234 YGRR,Algodon,Mecanizado,3248,6.55
9/30/2015,42706,Otro,Maiz,Mecanizado,3249,6.8
42045,2/17/2016,Otro,Algodon,Mecanizado,3250,7.9
42226,2/25/2016,Otro,Maiz,Mecanizado,3253,7.2
42014,42645,Otro,Maiz,Manual,3254,8.1
9/15/2015,42431,Otro,Algodon,Mecanizado,3258,6.1
9/23/2015,42492,Otro,Algodon,Mecanizado,3259,6.755
9/27/2015,2/17/2016,Otro,Algodon,Mecanizado,3262,7
9/20/2015,42523,PIONEER 30F35 HRR,Algodon,Mecanizado,3265,6.4
9/23/2015,42645,P3966 (Pioneer),Maiz,Mecanizado,3292,6.7
42134,2/28/2016,DK 234 YGRR,Algodon,Mecanizado,3293,6.8
9/27/2015,42645,P4082 (Pioneer),Algodon,Mecanizado,3302,6.45
42045,2/17/2016,Otro,Algodon,Mecanizado,3303,7.05
9/20/2015,42645,P3966 (Pioneer),Algodon,Mecanizado,3304,6.37
9/22/2015,42615,Otro,Algodon,Mecanizado,3305,7.9
9/27/2015,2/13/2016,P3966 (Pioneer),Maiz,Manual,3311,7.15
9/29/2015,42676,Otro,Algodon,Mecanizado,3157,6.1
42317,1/25/2016,DK7088,Maiz,Manual,3159,6.01
42103,1/25/2016,Otro,Algodon,Mecanizado,3165,6.16
9/17/2015,42402,ADV 9293 (Syngenta),Algodon,Mecanizado,3145,7
9/16/2015,1/27/2016,Otro,Algodon,Mecanizado,3147,7
9/14/2015,42402,Otro,Algodon,Mecanizado,3164,6.5
9/19/2015,42492,Otro,Maiz,Manual,3146,6.98
9/20/2015,42492,Otro,Maiz,Manual,3148,7.15
42347,1/27/2016,Otro,Maiz,Mecanizado,3158,6.2
42286,1/29/2016,Otro,Algodon,Mecanizado,3160,6.326
9/19/2015,42462,DK 234 YGRR,Algodon,Mecanizado,3161,6.6
42226,2/19/2016,P3966 (Pioneer),Algodon,Mecanizado,3171,6.44
