Planting_Date;Harvest_Date;Cultivar;Former_Crop;Sowing_Method;Yield
41284;41700;PIONEER 30F32;Algodon;Mecanizado;5
8/25/2013;1/15/2014;DK 234;Maiz;NA;5
5/13/2013;9/26/2013;PIONEER 30F32;Algodon;Mecanizado;5.5
41310;41587;Otro;Algodon;Mecanizado;5,2
41613;9/19/2013;Otro;Algodon;Mecanizado;5.7
41460;41617;DK 234;Maiz;Mecanizado;5.2
41460;41617;Otro;Maiz;Manual;4.7
41491;9/18/2013;PIONEER 30F32;Algodon;Manual;6
41310;9/17/2013;DK 234;Algodon;Manual;5.5
41522;9/22/2013;PIONEER 30F35;Frijol;Mecanizado;4.5
41338;9/14/2013;Otro;Algodon;Mecanizado;6.2
5/26/2013;41404;Otro;Algodon;Manual;5,3
41279;41617;FNC 3056;Algodon;NA;4.5
41279;41587;PIONEER 30F32;NA;Manual;6
41552;9/21/2013;Otro;Maiz;Mecanizado;5.3
5/20/2013;9/30/2013;Otro;Algodon;Manual;5.8
5/20/2013;9/24/2013;PIONEER 30F35;Yuca;Manual;5.5
5/13/2013;9/17/2013;Otro;Maiz;Mecanizado;4
5/15/2013;41343;FNC 114;Maiz;Mecanizado;4
9/26/2013;41700;FNC 114;Maiz;Mecanizado;4
41284;41700;PIONEER 30F35 H;Maiz;Manual;4
9/22/2013;41914;Otro;Maiz;Mecanizado;2.5
41284;1/30/2014;Otro;Maiz;Mecanizado;4
8/25/2013;1/15/2014;Otro;Maiz;Mecanizado;2.5
41435;41914;PIONEER 30F35;Maiz;Mecanizado;5
9/14/2013;41913;Otro;Maiz;Mecanizado;5.6
41465;41914;Otro;Maiz;Mecanizado;3.5
41527;41915;PIONEER 30F35;Maiz;Mecanizado;5
10/17/2015;2/23/2016;DK 234;Algodon;Mecanizado;3.5
41917;41891;Otro;Algodon;Manual;3.5
5/20/2014;9/25/2014;PIONEER 30F35 H;NA;Manual;3.2
41764;41829;DK 234;Algodon;Mecanizado;3.7
5/13/2014;9/17/2014;PIONEER 30F35;Algodon;Manual;3.8
5/17/2014;9/20/2014;Otro;Algodon;Manual;3
41316;3/13/2014;DK7088;Algodon;Mecanizado;4
9/29/2013;1/20/2014;DK 234;Maiz;Mecanizado;5
7/19/2013;12/20/2013;Otro;Maiz;Mecanizado;4
9/13/2013;1/14/2014;DK7088;Algodon;Manual;3.2
5/19/2014;9/20/2014;NA;Algodon;Mecanizado;6.7
3/26/2014;7/31/2014;Otro;Maiz;Mecanizado;7.2
41795;9/18/2014;Otro;Maiz;Mecanizado;6.8
41917;41982;Otro;Pastos;Mecanizado;6.5
5/20/2014;9/22/2014;Otro;Maiz;Mecanizado;6.8
41856;41982;PIONEER 30F35;Algodon;Mecanizado;6
41764;41679;DK 234;Algodon;Manual;3.7
41917;9/25/2014;PAC 105;NA;Manual;4
41978;9/15/2014;Otro;Algodon;Mecanizado;6.5
41644;9/28/2014;DK7088;Algodon;Mecanizado;4
41734;9/18/2014;PAC 105;Algodon;Mecanizado;4.5
41764;41982;PAC 105;Algodon;Mecanizado;5.5
5/15/2014;9/29/2014;DK 234;Algodon;Mecanizado;3
41917;41857;PAC 105;Algodon;Manual;3.5
5/23/2014;41830;DK 234;Algodon;Mecanizado;3.8
8/28/2014;1/20/2015;PAC 105;Algodon;Mecanizado;3.8
8/29/2014;1/29/2015;PAC 105;Algodon;Manual;4.5
41649;42157;Otro;Algodon;Manual;4.8
9/19/2014;1/30/2015;PAC 105;Algodon;Manual;5
8/27/2014;42125;PAC 105;Algodon;Manual;4.8
41860;1/28/2015;Otro;Algodon;Mecanizado;4.2
5/27/2015;42104;PAC 105;Frijol;Manual;3.8
5/27/2015;9/28/2015;PIONEER 30F35;Maiz;Mecanizado;4.3
5/27/2015;42195;Otro;Algodon;Mecanizado;5
5/28/2015;42195;Otro;Maiz;Mecanizado;4.8
5/17/2015;9/19/2015;Otro;Algodon;Mecanizado;5
5/20/2015;9/18/2015;Otro;Algodon;Manual;6.5
5/26/2015;9/28/2015;Otro;Maiz;Manual;3.8
5/20/2015;9/15/2015;Otro;Maiz;Manual;4
5/26/2015;9/29/2015;Otro;Maiz;Manual;3.6
5/21/2015;9/24/2015;Otro;Maiz;Mecanizado;4.5
5/26/2015;42287;DK 234 YGRR;Maiz;Manual;5
5/20/2015;42226;DK 234;Maiz;Mecanizado;4
5/27/2015;42134;DK7088;Maiz;Manual;4
5/31/2015;9/29/2015;DK7088;Algodon;Mecanizado;3.2
5/28/2015;9/30/2015;PIONEER 30F35;Algodon;Manual;1.6
42068;8/25/2015;Otro;Algodon;Mecanizado;6
5/18/2015;9/18/2015;Otro;Algodon;Mecanizado;6.1
5/15/2015;9/21/2015;PAC 105;Algodon;Mecanizado;3.5
5/15/2015;9/20/2015;DK 234 YGRR;Algodon;Mecanizado;4.1
5/28/2015;42045;PAC 105;Algodon;Mecanizado;2.3
5/16/2015;9/20/2015;Otro;Algodon;Mecanizado;5.9
5/26/2015;9/27/2015;Otro;Algodon;Mecanizado;5.89
5/18/2015;9/22/2015;Otro;Algodon;Mecanizado;1.3
5/25/2015;9/25/2015;DK 234 YGRR;Algodon;Mecanizado;5.5
5/22/2015;42348;Otro;Algodon;Mecanizado;4.2
5/18/2015;9/20/2015;Otro;Algodon;Mecanizado;6.3
42190;9/20/2015;Otro;Algodon;Manual;3.5
42313;9/18/2015;Otro;Algodon;Mecanizado;2.35
42252;9/14/2015;PIONEER 30F32HW;Pastos;Mecanizado;5.7
5/20/2015;9/21/2015;Otro;Algodon;Mecanizado;5.5
42313;9/17/2015;P4082 (Pioneer);Algodon;Mecanizado;3.7
5/21/2015;42348;Otro;Frijol;Mecanizado;4
5/20/2015;9/19/2015;Otro;Yuca;Mecanizado;3
5/20/2015;9/22/2015;DK 1040;Frijol;Manual;2
5/20/2015;9/22/2015;P4082 (Pioneer);Algodon;Mecanizado;2.2
5/14/2015;9/20/2015;P4082 (Pioneer);Algodon;Mecanizado;2.3
5/23/2015;9/25/2015;DK 234 YGRR;Algodon;Mecanizado;2.6
5/22/2015;9/30/2015;P4082 (Pioneer);Algodon;Mecanizado;1.2
5/19/2015;9/25/2015;PAC 105;Pastos;Manual;4
5/23/2015;42045;P3966 (Pioneer);Algodon;Manual;5.8
42009;42133;DK 234;Algodon;Manual;2.2
5/20/2015;9/30/2015;DK 234;Algodon;Mecanizado;4.6
5/27/2015;42104;P4082 (Pioneer);Algodon;Mecanizado;6.3
5/21/2015;9/27/2015;P4082 (Pioneer);Algodon;Mecanizado;6
5/22/2015;9/30/2015;P4082 (Pioneer);Algodon;Mecanizado;7
5/30/2015;42134;P4082 (Pioneer);Algodon;Mecanizado;6.95
5/27/2015;9/26/2015;PAC 105;Algodon;Mecanizado;1.8
5/15/2015;10/13/2015;DK 234;Algodon;Manual;2.4
5/17/2015;42347;Impacto (Syngenta);Algodon;Mecanizado;3.3
5/16/2015;9/15/2015;DK 234;Algodon;Manual;2.6
5/21/2015;42134;DK 1596;Algodon;Manual;2.8
5/20/2015;9/25/2015;Otro;Algodon;Mecanizado;3.7
5/16/2015;9/15/2015;PAC 105;Algodon;Manual;3.1
42160;42347;DK 234;Algodon;Mecanizado;1.9
5/25/2015;9/23/2015;DK 234;Algodon;Mecanizado;2.4
4/22/2015;9/17/2015;DK 234;Frijol;Mecanizado;3.4
5/26/2015;9/21/2015;DK 234;Algodon;Mecanizado;3.1
5/25/2015;9/23/2015;DK 234;Algodon;Mecanizado;3
5/25/2015;42073;DK 234;Algodon;Mecanizado;3.2
5/20/2015;9/28/2015;P4082 (Pioneer);Algodon;Mecanizado;6.3
5/15/2015;9/23/2015;DK 234;Algodon;Manual;5.1
5/22/2015;9/27/2015;DK 234;Algodon;Manual;5
42010;42348;DK 234;Algodon;Manual;4.9
5/21/2015;9/30/2015;PAC 105;Algodon;Manual;3.392
5/25/2015;42348;Otro;Maiz;Manual;5
5/25/2015;42073;P3966 (Pioneer);Algodon;Mecanizado;3.3
5/24/2015;9/15/2015;Otro;Algodon;Manual;6
5/29/2015;10/15/2015;Otro;Algodon;Manual;4.8
5/20/2015;9/23/2015;P4082 (Pioneer);Algodon;Mecanizado;2.2
5/28/2015;9/26/2015;P4082 (Pioneer);Algodon;Mecanizado;5.5
5/18/2015;9/21/2015;P4082 (Pioneer);Algodon;Mecanizado;5.5
5/19/2015;9/19/2015;P3966 (Pioneer);Algodon;Mecanizado;5
5/26/2015;9/27/2015;DK 234;Algodon;Mecanizado;2.7
5/24/2015;9/28/2015;DK 234;Algodon;Mecanizado;1.2
5/30/2015;9/14/2015;DK 234;Algodon;Mecanizado;3.1
5/30/2015;9/19/2015;DK 234;Algodon;Mecanizado;2.4
5/20/2015;9/17/2015;DK7088;Algodon;Mecanizado;3.2
5/21/2015;9/18/2015;PIONEER 30F35 HRR;Maiz;Manual;5.1
5/23/2015;9/26/2015;PAC 105;Algodon;Manual;1.8
5/21/2015;9/27/2015;Otro;Maiz;Manual;1.7
5/15/2015;9/21/2015;P3966 (Pioneer);Algodon;Mecanizado;7
5/20/2015;9/27/2015;DK 234;Algodon;Mecanizado;3.3
5/20/2015;9/19/2015;Otro;Algodon;Mecanizado;5
5/17/2015;9/20/2015;P4082 (Pioneer);Algodon;Mecanizado;6.2
5/23/2015;9/25/2015;DK 234;Algodon;Mecanizado;5
42191;42348;P4082 (Pioneer);Algodon;Mecanizado;5.2
5/25/2015;9/25/2015;DK 234;Algodon;Mecanizado;5.2
5/30/2015;42348;P4082 (Pioneer);Algodon;Mecanizado;6.38
5/20/2015;9/27/2015;P4082 (Pioneer);Algodon;Mecanizado;5.7
5/20/2015;9/24/2015;DK 234 YGRR;Frijol;Manual;3.5
5/20/2015;9/20/2015;PIONEER 30F35;Frijol;Manual;2.5
5/21/2015;9/23/2015;Otro;Frijol;Mecanizado;3
5/23/2015;9/14/2015;P4082 (Pioneer);Pastos;Mecanizado;5.2
5/18/2015;9/25/2015;DK 234;Algodon;Mecanizado;2.88
5/18/2015;9/26/2015;P4082 (Pioneer);Algodon;Mecanizado;4.5
5/18/2015;9/14/2015;P4082 (Pioneer);Maiz;Mecanizado;7.2
4/26/2015;42103;DK 234;Algodon;Mecanizado;5
42161;42134;ICA V 156;Algodon;Mecanizado;3
5/18/2015;9/14/2015;DK 234;Algodon;Mecanizado;4
5/20/2015;9/21/2015;P4082 (Pioneer);Algodon;Mecanizado;4.88
42068;42194;Otro;Algodon;Mecanizado;3.7
5/15/2015;42286;P4082 (Pioneer);Algodon;Mecanizado;3
5/20/2015;9/15/2015;DK 234;Pastos;Mecanizado;4.5
5/25/2015;42014;P3966 (Pioneer);Algodon;Mecanizado;4.8
5/21/2015;42134;DK 234 YGRR;Algodon;Mecanizado;1.8
42098;42013;P4082 (Pioneer);Algodon;Mecanizado;5.1
4/28/2015;42286;DK 234;Algodon;Mecanizado;5.4
5/20/2015;9/25/2015;DK 234;Algodon;Mecanizado;5
5/23/2015;9/30/2015;P4082 (Pioneer);Algodon;Mecanizado;5.3
5/25/2015;42045;PAC 105;Algodon;Mecanizado;5.5
42129;42286;Otro;Pastos;Mecanizado;2.012
5/21/2015;9/15/2015;P4082 (Pioneer);Algodon;Mecanizado;5.6
5/21/2015;9/20/2015;PAC 105;Algodon;Mecanizado;1.99
42129;9/14/2015;P4082 (Pioneer);Algodon;Mecanizado;5.2
5/20/2015;9/30/2015;DK 234 YGRR;Algodon;Mecanizado;3.1
42129;9/28/2015;Otro;Algodon;Mecanizado;4.1
5/22/2015;9/27/2015;Otro;Maiz;Mecanizado;2
5/28/2015;10/15/2015;P4082 (Pioneer);Maiz;Mecanizado;4
5/25/2015;9/29/2015;Otro;Algodon;Mecanizado;5.5
5/20/2015;9/16/2015;PAC 105;Algodon;Mecanizado;4
42009;42256;DK 234 YGRR;Algodon;Manual;4.8
5/19/2015;42286;P4082 (Pioneer);Algodon;Manual;3.687
5/20/2015;9/15/2015;P3966 (Pioneer);Algodon;Mecanizado;2.5
5/26/2015;9/25/2015;Otro;Maiz;Mecanizado;6.62
5/20/2015;9/18/2015;PIONEER 30F35;Algodon;Mecanizado;4
5/30/2015;9/29/2015;PIONEER 30F35;Algodon;Mecanizado;2.13
5/20/2015;9/22/2015;DK 234 YGRR;Algodon;Manual;4.5
5/26/2015;9/25/2015;PAC 105;Algodon;Mecanizado;4
42010;9/26/2015;Otro;Algodon;Mecanizado;5.2
5/28/2015;9/16/2015;Otro;Algodon;Mecanizado;3.7
5/20/2015;9/15/2015;Otro;Algodon;Mecanizado;4.9
42343;9/25/2015;Otro;Algodon;Mecanizado;5.3
5/16/2015;42014;PIONEER 30F32;Algodon;Mecanizado;4.8
5/20/2015;9/18/2015;Otro;Algodon;Mecanizado;4.8
5/22/2015;9/24/2015;P3966 (Pioneer);Algodon;Mecanizado;3.925
5/17/2015;9/19/2015;Impacto (Syngenta);Algodon;Mecanizado;4.75
5/19/2015;9/20/2015;PAC 105;Algodon;Mecanizado;2
5/15/2015;9/14/2015;Otro;Algodon;Mecanizado;4.38
5/15/2015;9/17/2015;P4082 (Pioneer);Algodon;Mecanizado;5.1
42068;9/16/2015;PAC 105;Algodon;Mecanizado;5
42252;42286;PAC 105;Algodon;Mecanizado;3
42009;42225;Otro;Algodon;Mecanizado;4.9
42009;42286;PAC 105;Algodon;Mecanizado;4
5/27/2015;9/28/2015;P4082 (Pioneer);Algodon;Mecanizado;6.5
5/30/2015;9/28/2015;DK 234 YGRR;Pastos;Manual;4.7
5/20/2015;9/30/2015;Otro;Algodon;Manual;3.5
5/16/2015;9/28/2015;DK 234;Maiz;Mecanizado;5
5/23/2015;9/24/2015;DK 234 YGRR;Maiz;Mecanizado;4.5
5/20/2015;9/27/2015;DK 234;Maiz;Manual;4.8
5/20/2015;9/15/2015;DK 234;Maiz;Manual;4
5/25/2015;9/30/2015;DK 234 YGRR;Algodon;Manual;3.5
5/15/2015;9/27/2015;P3966 (Pioneer);Algodon;Mecanizado;6
5/18/2015;9/20/2015;P3966 (Pioneer);Algodon;Mecanizado;6
5/20/2015;9/21/2015;DK 234;Algodon;Mecanizado;2.8
4/24/2015;8/31/2015;P4082 (Pioneer);Algodon;Mecanizado;6
4/23/2015;42013;P4082 (Pioneer);Algodon;Mecanizado;5.5
5/14/2015;9/29/2015;DK 234;Maiz;Manual;3.8
5/28/2015;42045;PAC 105;Algodon;Mecanizado;4.2
42009;8/21/2015;Otro;Algodon;Mecanizado;1.8
42190;9/25/2015;DK 234 YGRR;Algodon;Mecanizado;3.4
5/16/2015;42045;DK 234;Algodon;Manual;2.3
42313;9/21/2015;DK 234 YGRR;Algodon;Mecanizado;4.1
5/21/2015;9/27/2015;DK 234 YGRR;Algodon;Manual;4
5/25/2015;42104;DK 234 YGRR;Algodon;Mecanizado;4.2
5/20/2015;42226;ADV 9339 (Syngenta);Algodon;Mecanizado;2.1
5/18/2015;9/18/2015;Otro;Algodon;Mecanizado;5.9
5/19/2015;9/18/2015;DK 234 YGRR;Algodon;Mecanizado;3.1
42129;42286;DK 234 YGRR;Algodon;Mecanizado;3
42282;9/15/2015;DK 234 YGRR;Algodon;Mecanizado;4
5/25/2015;9/25/2015;P3966 (Pioneer);Algodon;Mecanizado;5.1
5/17/2015;9/25/2015;P3966 (Pioneer);Algodon;Mecanizado;5
42282;9/15/2015;DK7088;Algodon;Mecanizado;4.6
5/20/2015;9/17/2015;Otro;Algodon;Manual;2.8
5/20/2015;9/25/2015;DK 234;Algodon;Mecanizado;3.3
5/16/2015;42045;PAC 105;Algodon;Manual;4.6
4/13/2015;8/27/2015;Otro;Algodon;Mecanizado;6.4
42343;9/28/2015;DK 234 YGRR;Algodon;Mecanizado;5.5
42160;9/25/2015;Otro;Maiz;Mecanizado;3.8
5/20/2015;9/29/2015;P4082 (Pioneer);Algodon;Mecanizado;2.5
5/20/2015;42045;Otro;Algodon;Mecanizado;3.8
4/21/2015;42286;DK7088;Algodon;Mecanizado;2.95
4/21/2015;9/14/2015;DK 234 YGRR;Algodon;Mecanizado;3.1
4/20/2015;42103;DK 234 YGRR;Algodon;Mecanizado;3.5
4/22/2015;9/14/2015;ADV 9339 (Syngenta);Algodon;Mecanizado;5
4/25/2015;9/24/2015;Otro;Algodon;Mecanizado;6
4/20/2015;42347;Otro;Algodon;Mecanizado;5.5
42009;9/17/2015;P3966 (Pioneer);Algodon;Mecanizado;5.5
5/23/2015;42257;Otro;Algodon;Mecanizado;5.85
5/17/2015;42257;DK 234 YGRR;Algodon;Mecanizado;3.6
5/17/2015;9/29/2015;DK 234 YGRR;Algodon;Mecanizado;3.8
5/15/2015;42287;DK 234 YGRR;Algodon;Mecanizado;2.5
5/22/2015;42287;Otro;Algodon;Mecanizado;5.5
42286;1/26/2016;Otro;Algodon;Mecanizado;3.8
42347;1/20/2016;DK 234;Algodon;Mecanizado;3.5
9/14/2015;1/27/2016;DK 234;Algodon;Mecanizado;2.2
42194;1/16/2016;P3966 (Pioneer);Algodon;Mecanizado;3.8
9/20/2015;1/29/2016;P4082 (Pioneer);Algodon;Mecanizado;4.164
9/18/2015;1/25/2016;PIONEER 30F35;Algodon;Manual;3.7
9/25/2015;42706;P4082 (Pioneer);Maiz;Mecanizado;3.8
41917;9/15/2014;ADV 9339 (Syngenta);Algodon;Mecanizado;2.2
9/28/2015;42615;Otro;Algodon;Mecanizado;4.9
42257;2/20/2016;DK 234 YGRR;Algodon;Manual;2.7
5/19/2016;9/30/2016;PAC 105;Algodon;Mecanizado;1.6
5/18/2016;42561;DK 234 YGRR;Algodon;Mecanizado;2
5/17/2016;9/23/2016;DK 234 YGRR;Algodon;Mecanizado;2.8
5/16/2016;9/24/2016;DK 234 YGRR;Algodon;Mecanizado;3
5/17/2016;9/30/2016;P4082 (Pioneer);Algodon;Manual;3.1
5/16/2016;42410;Otro;Algodon;Mecanizado;5
5/15/2016;9/23/2016;DK 234 YGRR;Algodon;Mecanizado;3.2
42495;42683;DK 234 YGRR;Algodon;Mecanizado;4
42556;9/20/2016;PAC 105;Algodon;Mecanizado;5
4/30/2015;9/15/2015;DK 234 YGRR;Algodon;Mecanizado;4.2
4/28/2015;9/19/2015;ADV 9339 (Syngenta);Algodon;Mecanizado;5.2
5/21/2015;42073;DK 234 YGRR;Algodon;Mecanizado;4.5
5/15/2015;42347;DK 234 YGRR;Algodon;Mecanizado;4.8
42040;9/22/2015;DK 234 YGRR;Algodon;Manual;3.5
42313;9/28/2015;DK 234 YGRR;Algodon;Mecanizado;4.5
4/17/2015;42103;Otro;Maiz;Manual;2.2
42040;42286;PAC 105;Algodon;Mecanizado;3.8
5/21/2015;9/30/2015;PAC 105;Algodon;Manual;2.1
5/20/2015;9/28/2015;Otro;Algodon;Manual;5
42160;9/16/2015;DK 234 YGRR;Maiz;Mecanizado;2.4
42009;42225;DK 234 YGRR;Maiz;Mecanizado;2.5
5/25/2015;42073;PAC 105;Maiz;Mecanizado;3.2
42221;8/20/2015;P3966 (Pioneer);Algodon;Mecanizado;4.5
4/29/2015;9/18/2015;DK 234 YGRR;Algodon;Mecanizado;4.8
42129;9/16/2015;DK 234 YGRR;Algodon;Mecanizado;2.7
5/19/2015;42226;Otro;Algodon;Mecanizado;1.2
4/28/2015;9/17/2015;Otro;Algodon;Manual;4.2
42190;9/16/2015;Otro;Algodon;Mecanizado;3.5
42045;2/25/2016;DK 234 YGRR;Algodon;Mecanizado;4
42073;2/26/2016;DK 234 YGRR;Algodon;Mecanizado;4.2
9/18/2015;1/28/2016;PIONEER 30F35 HRR;Algodon;Mecanizado;5
9/23/2015;42492;DK 234 YGRR;Algodon;Mecanizado;5.2
9/25/2015;1/28/2016;DK 234 YGRR;Algodon;Mecanizado;2.5
42195;2/17/2016;DK 234 YGRR;Algodon;Mecanizado;2.5
42045;42645;DK 234 YGRR;Algodon;Mecanizado;4.1
10/15/2015;2/20/2016;DK 234 YGRR;Algodon;Mecanizado;2.3
42348;2/20/2016;DK 234 YGRR;Algodon;Mecanizado;3.1
9/26/2015;42584;PAC 105;Algodon;Mecanizado;2.1
42134;2/20/2016;DK 234 YGRR;Algodon;Mecanizado;3.5
42195;2/17/2016;DK 234 YGRR;Algodon;Mecanizado;2.4
9/20/2015;42645;PAC 105;Algodon;Mecanizado;2.2
9/27/2015;42706;NK254 (Syngenta);Algodon;Mecanizado;3.5
9/25/2015;2/14/2016;NK254 (Syngenta);Algodon;Mecanizado;3
9/24/2015;42584;PAC 105;Algodon;Mecanizado;3
10/16/2015;2/24/2016;P3966 (Pioneer);Algodon;Mecanizado;4.5
10/22/2015;2/27/2016;Otro;Algodon;Mecanizado;6.4
10/27/2015;42554;PAC 105;Algodon;Mecanizado;5.1
10/27/2015;42432;Otro;Algodon;Manual;5.5
9/21/2015;2/15/2016;Impacto (Syngenta);Algodon;Mecanizado;5.1
9/21/2015;2/14/2016;PIONEER 30F35 H;Maiz;Mecanizado;5
42104;2/28/2016;Impacto (Syngenta);Maiz;Mecanizado;5
9/19/2015;42584;Otro;Algodon;Mecanizado;4.8
9/30/2015;42645;Impacto (Syngenta);Maiz;Mecanizado;5.15
9/22/2015;42462;Impacto (Syngenta);Maiz;Mecanizado;5.4
10/13/2015;2/22/2016;ADV 9339 (Syngenta);Maiz;Mecanizado;5
10/30/2015;42707;Impacto (Syngenta);Maiz;Mecanizado;5
10/24/2015;42463;Impacto (Syngenta);Algodon;Mecanizado;4.9
42195;2/22/2016;Otro;Algodon;Mecanizado;5.1
42134;2/16/2016;ICA V 305;Algodon;Manual;4.5
10/25/2015;42403;P4082 (Pioneer);Algodon;Manual;5.4
42074;42707;Otro;Algodon;Manual;6
42288;3/19/2016;P4082 (Pioneer);Algodon;Mecanizado;5
9/25/2015;2/15/2016;Otro;Algodon;Manual;4.8
9/30/2015;2/15/2016;P4082 (Pioneer);Algodon;Manual;5
9/27/2015;42584;Otro;Algodon;Mecanizado;4.8
9/22/2015;42402;P3966 (Pioneer);Algodon;Mecanizado;5.1
10/15/2015;2/27/2016;Impacto (Syngenta);Maiz;Manual;4.8
10/22/2015;42403;Otro;Algodon;Mecanizado;4.9
10/15/2015;2/24/2016;DK 234;Maiz;Mecanizado;4.7
9/30/2015;42584;DK 234;Maiz;Mecanizado;4.1
10/15/2015;2/26/2016;DK 234;Maiz;Mecanizado;4.2
42287;2/18/2016;P3966 (Pioneer);Maiz;Mecanizado;4
10/13/2015;2/26/2016;PAC 105;Algodon;Mecanizado;4
42195;2/22/2016;DK 234;Algodon;Mecanizado;4.6
42134;2/22/2016;DK 234;Algodon;Mecanizado;4.5
9/27/2015;42645;P3966 (Pioneer);Algodon;Mecanizado;4.5
9/30/2015;2/15/2016;DK 234;Maiz;Manual;4.2
42348;2/25/2016;Impacto (Syngenta);Algodon;Manual;4
9/30/2015;42492;DK 234;Maiz;Manual;4
9/30/2015;2/17/2016;DK 234;Maiz;Manual;4.2
10/19/2015;2/25/2016;DK 234;Algodon;Manual;4.3
42226;2/16/2016;DK 234;Algodon;Mecanizado;4.6
42014;2/20/2016;DK 234;Maiz;Mecanizado;4.7
42045;2/13/2016;P3966 (Pioneer);Algodon;Mecanizado;4.9
9/24/2015;42462;DK 234;Maiz;Mecanizado;4.5
10/25/2015;42584;PAC 105;Maiz;Manual;4.2
10/21/2015;42432;Otro;Algodon;Mecanizado;5.3
10/26/2015;42432;Otro;Algodon;Mecanizado;5.7
42134;2/20/2016;P4082 (Pioneer);Algodon;Mecanizado;4
41795;41921;PIONEER 30F35;Maiz;Mecanizado;5.1
9/28/2015;2/18/2016;PIONEER 30F35 HRR;Maiz;Mecanizado;5
9/28/2015;2/19/2016;DK 234;Maiz;Manual;3.8
9/25/2015;42615;DK 234;Maiz;Manual;3.6
9/25/2015;42584;Impacto (Syngenta);Maiz;Manual;3.5
9/27/2015;42706;DK 234;Maiz;Manual;3.6
9/29/2015;2/13/2016;DK 234;Maiz;Mecanizado;4
5/28/2014;9/25/2014;PAC 105;Algodon;Manual;3.5
41856;41982;DK 234;Algodon;Mecanizado;5.5
42014;2/20/2016;PAC 105;Algodon;Manual;5
42073;2/18/2016;DK 234;Algodon;Mecanizado;6.5
42104;2/19/2016;DK 234;Maiz;Mecanizado;1.8
9/28/2015;2/24/2016;DK 234;Algodon;Mecanizado;5.2
8/27/2013;41672;PAC 105;Algodon;Manual;4.6
9/26/2015;2/14/2016;Impacto (Syngenta);Maiz;Manual;4
9/27/2015;42645;DK 234;Algodon;Mecanizado;4
9/15/2015;2/28/2016;DK 234;Maiz;Manual;3.7
9/22/2015;42584;P3966 (Pioneer);Maiz;Manual;3.7
42045;42706;Impacto (Syngenta);Algodon;Manual;3.5
42134;2/18/2016;DK 234;Algodon;Manual;3.5
42014;2/15/2016;ICA V 109;Maiz;Mecanizado;3.2
42045;42706;ICA V 109;Algodon;Mecanizado;3
42134;2/18/2016;ADV 9339 (Syngenta);Algodon;Manual;4.3
41887;41679;Otro;Maiz;Mecanizado;4.7
9/30/2015;2/13/2016;DK7088;Algodon;Manual;4.5
9/15/2015;1/28/2016;Otro;Maiz;Manual;4.2
9/20/2015;42431;Otro;Maiz;Manual;4.5
42073;2/13/2016;P3966 (Pioneer);Maiz;Manual;4.5
10/13/2015;2/25/2016;Otro;Maiz;Manual;4.2
42134;2/16/2016;ADV 9339 (Syngenta);Maiz;Mecanizado;4.1
9/18/2015;1/26/2016;ADV 9339 (Syngenta);Maiz;Manual;4.2
42287;2/25/2016;Otro;Maiz;Manual;4.5
9/26/2015;2/15/2016;Otro;Maiz;Manual;4.3
42045;42706;Otro;Algodon;Manual;4.3
9/28/2015;42615;Otro;Maiz;Manual;4.5
5/20/2014;9/25/2014;Otro;Maiz;Mecanizado;4.3
41917;9/18/2014;Otro;Algodon;Manual;4.2
41978;9/23/2014;DK 234;Maiz;Manual;4
41917;9/20/2014;P3966 (Pioneer);Algodon;Manual;4
41279;9/17/2013;DK 234;Maiz;Manual;4
41920;12/23/2014;Otro;Algodon;Manual;4.5
42465;9/24/2016;Otro;Maiz;Manual;4.6
5/14/2016;9/24/2016;P3966 (Pioneer);Algodon;Manual;4.5
5/17/2016;9/25/2016;Otro;Algodon;Mecanizado;4.6
5/17/2016;9/29/2016;Otro;Maiz;Manual;4.5
4/28/2016;8/22/2016;Otro;Maiz;Manual;4.6
5/13/2016;9/19/2016;P3966 (Pioneer);Maiz;Manual;4
4/30/2016;42713;Otro;Algodon;Manual;4.6
42648;9/19/2016;ADV 9339 (Syngenta);Maiz;Manual;4.2
42495;9/13/2016;Otro;Maiz;Manual;4.3
4/25/2016;42560;P3966 (Pioneer);Maiz;Manual;4.5
42648;9/22/2016;ADV 9339 (Syngenta);Maiz;Manual;4.4
5/16/2016;9/30/2016;P4082 (Pioneer);Maiz;Manual;4.6
42465;9/19/2016;P3966 (Pioneer);Maiz;Manual;4.5
4/25/2016;42499;Otro;Algodon;Manual;4.4
5/17/2016;9/29/2016;P3966 (Pioneer);Algodon;Manual;4.5
5/16/2016;9/26/2016;Otro;Algodon;Manual;4.5
4/27/2016;42591;DK 234 YGRR;Maiz;Mecanizado;5.5
42434;9/19/2016;PAC 105;Maiz;Mecanizado;3
42465;42713;DK7088;Maiz;Mecanizado;5
42405;9/14/2016;Otro;Maiz;Manual;4.2
42556;9/19/2016;CORPOICA V 114;Maiz;Manual;2.5
42527;10/21/2016;PIONEER 30F35 HRR;Maiz;Manual;3.8
5/27/2016;42653;PIONEER 30F35 HRR;Maiz;Mecanizado;3.8
42648;9/21/2016;DK 234 YGRR;Maiz;Manual;3.5
4/28/2016;9/14/2016;PIONEER 30F35 HRR;Maiz;Manual;4
42434;9/14/2016;P3966 (Pioneer);Maiz;Mecanizado;5
42587;9/20/2016;P3966 (Pioneer);Maiz;Mecanizado;5.5
4/30/2016;42652;PIONEER 30F35 HRR;Maiz;Manual;4.5
42374;9/19/2016;ADV 9293 (Syngenta);Maiz;Manual;3.2
5/30/2015;42134;DK 234 YGRR;Maiz;Manual;5.6
42374;9/13/2016;DK 234 YGRR;Maiz;Manual;3.1
42405;42713;FNC 114;Maiz;Manual;5.3
42495;42713;PIONEER 30F35 HRR;Maiz;Manual;5.1
42526;9/14/2016;PIONEER 30F35 HRR;Maiz;Manual;4.8
42495;9/20/2016;DK 234 YGRR;Maiz;Manual;5
4/30/2016;9/20/2016;DK 234 YGRR;Maiz;Mecanizado;4.1
42648;9/21/2016;DK7088;Maiz;Manual;5
42709;9/14/2016;PIONEER 30F35 HRR;Maiz;Manual;3.6
42374;9/13/2016;P3966 (Pioneer);Maiz;Mecanizado;5.8
42526;9/14/2016;PIONEER 30F35 HRR;Maiz;Mecanizado;6
42405;42713;P3966 (Pioneer);Maiz;Mecanizado;5.5
5/20/2015;9/28/2015;DK7088;Maiz;Mecanizado;6.1
42405;9/13/2016;PIONEER 30F35 HRR;Maiz;Manual;5.5
42709;9/24/2016;PIONEER 30F35 HRR;Maiz;Mecanizado;5.2
42587;9/20/2016;PIONEER 30F35 HRR;Maiz;Mecanizado;5.2
5/13/2016;9/27/2016;PIONEER 30F35 HRR;Maiz;Mecanizado;4.1
42465;42713;P3966 (Pioneer);Maiz;Mecanizado;5.8
5/20/2015;9/28/2015;P3966 (Pioneer);Maiz;Mecanizado;5.8
5/18/2015;9/28/2015;DK 234 YGRR;Maiz;Mecanizado;5.3
42495;9/20/2016;PIONEER 30F35 HRR;Maiz;Manual;5.1
42343;9/22/2015;Impacto (Syngenta);Maiz;Manual;4.5
5/18/2015;9/23/2015;Impacto (Syngenta);Maiz;Mecanizado;4.5
5/16/2016;42500;PIONEER 30F35 HRR;Maiz;Manual;4.3
5/20/2015;9/25/2015;DK 234;Maiz;Manual;4.2
42587;9/20/2016;DK 234 YGRR;Maiz;Manual;3.5
5/23/2015;9/28/2015;DK7088;Maiz;Manual;3.4
5/25/2015;42045;PIONEER 30F35 HRR;Maiz;Manual;4.6
5/21/2015;9/28/2015;DK7088;Maiz;Mecanizado;5.2
5/23/2015;42045;PIONEER 30F35 HRR;Maiz;Mecanizado;4
5/18/2015;9/28/2015;PIONEER 30F35 HRR;Maiz;Manual;4.3
5/24/2015;42045;DK7088;Maiz;Manual;5.2
42556;9/18/2016;PIONEER 30F35 HRR;Maiz;Manual;5.2
42465;9/20/2016;PIONEER 30F35 HRR;Maiz;Mecanizado;5.1
42465;9/19/2016;DK 234;Maiz;Manual;4.9
5/23/2015;42014;PIONEER 30F35 HRR;Maiz;Manual;5.2
5/21/2015;9/28/2015;DK7088;Maiz;Manual;3.9
5/24/2015;9/28/2015;Impacto (Syngenta);Pastos;Manual;4.3
5/20/2015;42014;PIONEER 30F35 HRR;Maiz;Manual;5.2
5/21/2015;9/28/2015;PIONEER 30F35 H;Maiz;Manual;4.2
5/25/2015;9/30/2015;Impacto (Syngenta);Pastos;Manual;4.2
5/20/2015;42045;PIONEER 30F35 HRR;Pastos;Manual;4.6
42343;9/21/2015;PIONEER 30F35 HRR;Maiz;Manual;5.2
42526;9/19/2016;ADV 9339 (Syngenta);Pastos;Manual;4.5
42648;9/20/2016;PIONEER 30F35 HRR;Pastos;Manual;4.8
5/20/2015;9/28/2015;Sinko (Syngenta);Maiz;Manual;3.1
42526;42652;PIONEER 30F35 H;Maiz;Manual;3.8
42434;42713;Otro;Maiz;Manual;1.2
42648;9/22/2016;Sinko (Syngenta);Maiz;Manual;3.2
42618;9/24/2016;P3966 (Pioneer);Maiz;Mecanizado;5.9
5/15/2016;9/27/2016;DK 234 YGRR;Maiz;Mecanizado;5.8
42648;9/28/2016;DK7088;Maiz;Manual;5.1
42374;9/27/2016;PIONEER 30F35 HRR;Maiz;Manual;4.7
4/27/2016;9/23/2016;PIONEER 30F35 HRR;Maiz;Manual;5.5
4/25/2016;9/24/2016;ADV 9339 (Syngenta);Maiz;Manual;3.2
42709;9/21/2016;Otro;Maiz;Manual;3.2
42526;9/21/2016;DK 234;Maiz;Manual;5
42709;9/22/2016;PIONEER 30F35 HRR;Maiz;Mecanizado;4.7
42709;9/20/2016;PIONEER 30F35 HRR;Maiz;Manual;4.8
42587;9/20/2016;PIONEER 30F35 HRR;Maiz;Manual;6.1
42587;9/18/2016;Impacto (Syngenta);Maiz;Manual;5.6
42495;42713;PIONEER 30F35 HRR;Maiz;Manual;5.4
42495;9/18/2016;Otro;Maiz;Manual;1.6
5/25/2015;42134;DK7088;Maiz;Manual;5.3
5/20/2015;9/29/2015;DK7088;Maiz;Mecanizado;5
5/26/2015;42104;PIONEER 30F35 HRR;Maiz;Manual;5.2
5/20/2015;9/28/2015;Otro;Maiz;Manual;1.8
5/24/2015;42073;Otro;Maiz;Manual;1.8
42709;9/28/2016;DK 234 YGRR;Maiz;Mecanizado;3.9
5/20/2016;42714;DK 234 YGRR;Maiz;Mecanizado;3.9
42709;9/24/2016;Otro;Maiz;Mecanizado;4
5/14/2016;9/30/2016;P3966 (Pioneer);Maiz;Mecanizado;4.3
5/15/2016;42623;Otro;Maiz;Manual;3.5
5/15/2015;9/25/2015;P3966 (Pioneer);Maiz;Manual;3.8
5/27/2015;10/29/2015;P3966 (Pioneer);Maiz;Mecanizado;4.1
5/20/2015;9/27/2015;DK 234 YGRR;Maiz;Mecanizado;4.1
5/20/2016;42653;DK 234 YGRR;Maiz;Mecanizado;4
42495;9/15/2016;P3966 (Pioneer);Maiz;Manual;3.9
42618;9/25/2016;P3966 (Pioneer);Maiz;Manual;3.9
42434;42652;DK 234 YGRR;Maiz;Mecanizado;4
5/16/2015;9/27/2015;DK 234 YGRR;Maiz;Mecanizado;4
5/18/2015;9/28/2015;DK 234 YGRR;Maiz;Manual;4.1
42587;9/20/2016;DK 234;Maiz;Manual;5.1
42587;9/23/2016;PIONEER 30F35 HRR;Maiz;Manual;6
5/24/2016;42592;DK 234;Maiz;Manual;5.4
42618;9/25/2016;DK 234;Maiz;Mecanizado;5.1
42709;9/26/2016;Impacto (Syngenta);Maiz;Mecanizado;5.8
42709;9/26/2016;DK7088;Maiz;Mecanizado;5.8
5/20/2015;9/26/2015;PIONEER 30F35 HRR;Maiz;Mecanizado;5.6
5/15/2016;42379;Impacto (Syngenta);Maiz;Manual;5.3
5/25/2016;42439;DK7088;Maiz;Mecanizado;5.1
5/25/2015;42134;PIONEER 30F35 HRR;Maiz;Manual;5.3
5/25/2015;10/15/2015;PIONEER 30F35 HRR;Maiz;Manual;5.2
5/26/2015;42134;PIONEER 30F35 H;Maiz;Manual;5.8
5/16/2015;9/28/2015;DK 234;Maiz;Manual;5.5
5/18/2015;42348;DK7088;Maiz;Mecanizado;5.8
42010;42348;PIONEER 30F35 HRR;Maiz;Mecanizado;5.5
5/18/2016;42499;DK 234;Maiz;Manual;5.7
5/16/2015;9/28/2015;Otro;Maiz;Manual;2.1
5/24/2015;42134;Otro;Maiz;Manual;2.2
5/19/2016;9/30/2016;Otro;Maiz;Manual;2.3
5/21/2015;9/28/2015;PIONEER 30F35 HRR;Maiz;Manual;5.6
5/19/2016;9/30/2016;Status (Syngenta);Maiz;Mecanizado;6.6
5/20/2015;9/30/2015;P3966 (Pioneer);Algodon;Mecanizado;6.8
5/25/2015;42134;DK 234 YGRR;Algodon;Mecanizado;6.4
5/20/2015;42134;P4082 (Pioneer);Algodon;Mecanizado;5.8
5/21/2015;9/29/2015;DK7088;Algodon;Mecanizado;6.7
42190;9/21/2015;ADV 9339 (Syngenta);Maiz;Manual;5
5/26/2015;42134;Impacto (Syngenta);Maiz;Manual;5.8
5/18/2015;9/28/2015;ADV 9339 (Syngenta);Maiz;Manual;5.5
5/20/2015;9/28/2015;Impacto (Syngenta);Maiz;Mecanizado;7
5/16/2015;9/29/2015;Impacto (Syngenta);Maiz;Mecanizado;7
5/15/2015;9/29/2015;DK 234;Pastos;Mecanizado;2.8
5/17/2015;9/28/2015;Otro;Algodon;Mecanizado;5.5
5/26/2015;9/29/2015;DK 234;Maiz;Manual;6
5/22/2015;42134;DK7088;Maiz;Manual;6.5
5/20/2015;9/25/2015;Otro;Algodon;Mecanizado;5
5/22/2015;9/28/2015;PIONEER 30F35 HRR;Maiz;Mecanizado;6.5
5/18/2015;42134;P3966 (Pioneer);Pastos;Mecanizado;3.2
5/20/2016;42500;Otro;Maiz;Manual;4.5
5/27/2015;42348;ADV 9293 (Syngenta);Algodon;Mecanizado;5.2
5/18/2015;9/28/2015;DK 234;Maiz;Mecanizado;5.6
5/16/2015;9/29/2015;DK 234;Maiz;Mecanizado;6.1
42343;9/24/2015;PIONEER 30F35 H;Maiz;Mecanizado;6.2
5/18/2015;9/30/2015;DK 1596;Maiz;Mecanizado;5.2
5/15/2015;9/22/2015;PIONEER 30F35 HRR;Maiz;Mecanizado;5.8
5/20/2015;9/30/2015;Otro;Algodon;Mecanizado;6.5
5/21/2015;9/28/2015;P3966 (Pioneer);Maiz;Mecanizado;6.5
5/23/2015;42318;P3966 (Pioneer);Maiz;Mecanizado;6.3
5/18/2015;9/28/2015;P3966 (Pioneer);Maiz;Mecanizado;6.7
5/24/2015;9/30/2015;P3966 (Pioneer);Maiz;Mecanizado;6.5
5/25/2015;42014;Otro;Maiz;Mecanizado;6.5
9/23/2015;42645;P3966 (Pioneer);Maiz;Mecanizado;6.8
42221;9/29/2015;Otro;Maiz;Manual;5.7
5/20/2015;9/28/2015;Otro;Algodon;Mecanizado;6.4
42040;9/18/2015;Otro;Algodon;Mecanizado;6.4
4/23/2015;8/31/2015;Otro;Pastos;Manual;4.9
42129;42317;PIONEER 30F35;Pastos;Manual;4.9
4/29/2015;9/15/2015;P3966 (Pioneer);Algodon;Mecanizado;6.1
4/25/2015;42044;PIONEER 30F35 HRR;Maiz;Manual;6.9
42343;9/21/2015;Otro;Maiz;Manual;7.2
42099;9/14/2015;Otro;Maiz;Manual;7.2
4/24/2015;9/15/2015;P3966 (Pioneer);Algodon;Mecanizado;6.2
5/23/2015;10/13/2015;ADV 9339 (Syngenta);Maiz;Mecanizado;5.7
42129;9/21/2015;ADV 9293 (Syngenta);Algodon;Mecanizado;6.1
4/20/2015;9/23/2015;P3966 (Pioneer);Algodon;Mecanizado;6.3
5/22/2015;9/30/2015;DK7088;Frijol;Mecanizado;6
42129;9/25/2015;ADV 9339 (Syngenta);Algodon;Mecanizado;5.5
42129;9/25/2015;PIONEER 30F35;Maiz;Manual;6
42099;9/24/2015;P3966 (Pioneer);Algodon;Mecanizado;5.8
4/25/2015;9/16/2015;ADV 9339 (Syngenta);Algodon;Mecanizado;6.1
42133;42583;DK 234;Maiz;Manual;5.7
42286;1/15/2016;DK 234;Algodon;Mecanizado;5.4
NULL;2/18/2016;DK7088;Algodon;Mecanizado;6.4
42134;2/14/2016;ADV 9339 (Syngenta);Algodon;Manual;6.3
42045;2/16/2016;PIONEER 30F35 H;Algodon;Manual;6.1
42165;2/22/2016;DK 234 YGRR;Maiz;Mecanizado;6.2
9/26/2015;42584;P3966 (Pioneer);Maiz;Mecanizado;6.4
9/13/2015;1/28/2016;ADV 9293 (Syngenta);Algodon;Mecanizado;6.1
9/27/2015;42645;PIONEER 30F35 HRR;Maiz;Mecanizado;5.6
42045;2/19/2016;P3966 (Pioneer);Maiz;Mecanizado;6.2
42014;2/21/2016;DK 234;Maiz;Mecanizado;5.7
9/27/2015;2/20/2016;ADV 9339 (Syngenta);Frijol;Manual;5.5
42648;9/27/2016;PIONEER 30F35 HRR;Maiz;Mecanizado;5
42495;9/22/2016;DK 234;Algodon;Mecanizado;5.3
5/20/2016;42714;DK7088;Algodon;Mecanizado;5.9
42587;9/25/2016;DK 234;Algodon;Mecanizado;5.6
42405;42713;ADV 9293 (Syngenta);Maiz;Mecanizado;5.9
42709;9/26/2016;PIONEER 30F35 H;Maiz;Mecanizado;6.7
42679;9/22/2016;P3966 (Pioneer);Maiz;Mecanizado;6.2
42679;9/22/2016;P3966 (Pioneer);Maiz;Mecanizado;6.3
5/22/2016;42531;P3966 (Pioneer);Algodon;Mecanizado;6.2
5/15/2016;9/30/2016;P3966 (Pioneer);Algodon;Mecanizado;5.7
42618;9/19/2016;DK 234;Algodon;Mecanizado;6
42709;9/20/2016;Otro;Algodon;Mecanizado;4.8
42465;9/17/2016;PIONEER 30F35 HRR;Maiz;Mecanizado;6.2
6/21/2016;10/25/2016;Otro;Maiz;Mecanizado;6.4
5/21/2016;10/27/2016;Otro;Algodon;Mecanizado;5.9
42709;9/26/2016;Otro;Algodon;Mecanizado;6
42405;9/20/2016;DK 234;Algodon;Mecanizado;6.4
5/23/2016;42592;P3966 (Pioneer);Algodon;Mecanizado;6.7
42587;9/24/2016;DK 234;Maiz;Mecanizado;5.4
4/29/2016;42713;DK 234;Algodon;Mecanizado;5.3
42648;9/19/2016;PIONEER 30F35 HRR;Algodon;Mecanizado;5.8
42556;9/18/2016;P3966 (Pioneer);Algodon;Manual;6.7
42465;9/15/2016;ADV 9339 (Syngenta);Algodon;Mecanizado;5.4
42648;9/21/2016;DK 234;Algodon;Mecanizado;5.1
42648;9/29/2016;Otro;Maiz;Manual;5.1
5/15/2016;42561;DK 234;Algodon;Mecanizado;5.3
42709;42561;DK 234;Algodon;Mecanizado;5.2
42526;9/13/2016;P3966 (Pioneer);Algodon;Manual;6.1
42556;9/13/2016;P3966 (Pioneer);Maiz;Mecanizado;5.8
42556;9/28/2016;DK 234;Algodon;Mecanizado;5.5
42526;9/13/2016;ADV 9339 (Syngenta);Algodon;Mecanizado;5.6
42495;9/14/2016;DK 234;Algodon;Mecanizado;5.7
42465;42713;DK 234;Algodon;Mecanizado;5.2
42465;9/14/2016;ADV 9339 (Syngenta);Algodon;Mecanizado;5.9
42556;9/13/2016;Otro;Algodon;Mecanizado;6.7
42495;9/13/2016;Otro;Algodon;Mecanizado;6.5
42709;9/27/2016;Otro;Algodon;Mecanizado;6.5
42526;9/19/2016;ADV 9339 (Syngenta);Maiz;Mecanizado;6.8
42648;9/22/2016;DK 234;Algodon;Mecanizado;7
5/16/2016;9/29/2016;DK 234 YGRR;Algodon;Mecanizado;5.5
4/23/2015;9/18/2015;P3966 (Pioneer);Algodon;Mecanizado;6.7
5/17/2016;42531;PIONEER 30F35 H;Maiz;Manual;6
5/22/2016;42439;DK 234;Maiz;Mecanizado;6.2
42618;9/19/2016;P3966 (Pioneer);Maiz;Mecanizado;6
42648;9/19/2016;P3966 (Pioneer);Algodon;Mecanizado;6.5
42648;9/20/2016;P3966 (Pioneer);Algodon;Mecanizado;6.4
42648;9/20/2016;P3966 (Pioneer);Algodon;Mecanizado;6.5
42679;9/23/2016;DK 234;Algodon;Mecanizado;6.1
6/18/2016;10/25/2016;P3966 (Pioneer);Algodon;Mecanizado;6.3
42465;9/18/2016;DK 234;Algodon;Mecanizado;5.3
4/30/2016;9/15/2016;DK 234;Algodon;Mecanizado;6.2
42526;42379;ADV 9293 (Syngenta);Maiz;Mecanizado;5
4/24/2016;9/23/2016;DK 234;Algodon;Manual;5.5
42556;42439;DK 234;Algodon;Mecanizado;5.7
42556;42470;DK 234;Frijol;Mecanizado;5.4
42648;9/28/2016;DK 234;Algodon;Mecanizado;6
42618;9/20/2016;P3966 (Pioneer);Algodon;Mecanizado;6.3
42618;8/21/2016;DK 234;Algodon;Mecanizado;5.4
4/29/2016;9/29/2016;P3966 (Pioneer);Maiz;Mecanizado;6.3
42465;42410;Otro;Pastos;Mecanizado;7
42709;9/20/2016;Otro;Maiz;Mecanizado;6.8
42709;9/20/2016;Otro;Algodon;Mecanizado;6.7
42526;9/15/2016;ICA V 156;Maiz;Manual;4
42495;42713;Otro;Maiz;Mecanizado;5.8
42465;9/18/2016;Otro;Algodon;Mecanizado;6.5
5/16/2016;9/30/2016;Otro;Maiz;Mecanizado;6.7
42526;9/20/2016;Otro;Algodon;Mecanizado;6.5
5/17/2016;42379;P3966 (Pioneer);Algodon;Mecanizado;6.7
42526;9/14/2016;Otro;Algodon;Mecanizado;6.5
42465;9/16/2016;Otro;Maiz;Mecanizado;6.5
42495;9/17/2016;Otro;Maiz;Mecanizado;5.5
42405;9/14/2016;Otro;Maiz;Mecanizado;6.2
42587;9/22/2016;Otro;Maiz;Mecanizado;6.2
42556;9/18/2016;Otro;Maiz;Mecanizado;6.4
42556;9/18/2016;Otro;Maiz;Mecanizado;6.5
5/20/2016;42470;Otro;Maiz;Mecanizado;6.1
42495;9/20/2016;Otro;Algodon;Mecanizado;6.3
5/25/2016;42500;Otro;Maiz;Mecanizado;6.2
5/22/2016;42439;Otro;Maiz;Mecanizado;5.8
5/28/2016;10/13/2016;Otro;Maiz;Mecanizado;5.5
5/20/2016;9/28/2016;Otro;Maiz;Mecanizado;5.2
5/18/2016;42531;Otro;Maiz;Mecanizado;6.4
5/15/2016;9/29/2016;Otro;Algodon;Mecanizado;6
5/22/2016;42470;Otro;Maiz;Mecanizado;6.5
5/19/2016;42439;Otro;Maiz;Mecanizado;6.5
42526;9/24/2016;Otro;Maiz;Mecanizado;6.3
5/19/2016;42500;Otro;Maiz;Mecanizado;5.8
42648;9/20/2016;Otro;Maiz;Mecanizado;5.4
42465;9/14/2016;Otro;Maiz;Mecanizado;5.7
5/19/2016;42500;Otro;Maiz;Mecanizado;6
42618;9/25/2016;ADV 9339 (Syngenta);Maiz;Manual;6.7
42648;9/19/2016;Otro;Maiz;Mecanizado;6.5
5/16/2016;42653;Otro;Maiz;Mecanizado;6.1
5/15/2016;9/28/2016;P4082 (Pioneer);Maiz;Mecanizado;5.9
42556;9/21/2016;Otro;Maiz;Manual;5.7
42649;42684;Otro;Maiz;Mecanizado;6.1
5/25/2016;42592;P4082 (Pioneer);Maiz;Mecanizado;5.7
42679;9/22/2016;P4082 (Pioneer);Maiz;Mecanizado;5.6
42679;9/24/2016;Otro;Maiz;Mecanizado;6
5/25/2016;9/30/2016;Otro;Maiz;Mecanizado;5.8
4/29/2016;42652;P4082 (Pioneer);Maiz;Manual;5.8
5/16/2016;42713;Otro;Maiz;Mecanizado;6.5
42679;9/26/2016;Otro;Maiz;Manual;6.3
42556;42622;P4082 (Pioneer);Maiz;Mecanizado;5.9
5/18/2016;42500;DK 234 YGRR;Maiz;Mecanizado;7.95
42618;9/25/2016;P3966 (Pioneer);Maiz;Mecanizado;8.2
42618;9/24/2016;P3966 (Pioneer);Maiz;Mecanizado;6.186
5/19/2016;9/30/2016;Otro;Maiz;Mecanizado;8.3
5/16/2016;9/28/2016;P3966 (Pioneer);Maiz;Mecanizado;6.28
5/16/2016;9/28/2016;Otro;Maiz;Mecanizado;7.5
5/20/2016;42500;Otro;Maiz;Mecanizado;5.675
5/15/2016;9/30/2016;P4082 (Pioneer);Maiz;Mecanizado;6.5
5/20/2016;42500;Otro;Maiz;Mecanizado;6.9
5/24/2016;42714;Otro;Maiz;Manual;6
42618;9/21/2016;DK 234 YGRR;Maiz;Mecanizado;6.14
42618;9/21/2016;Otro;Maiz;Manual;5.49
42618;9/21/2016;Otro;Maiz;Mecanizado;5.362
5/22/2016;42623;Otro;Maiz;Manual;6.12
42465;9/20/2016;Otro;Maiz;Manual;5.85
42465;9/20/2016;ADV 9293 (Syngenta);Maiz;Manual;5.5
5/18/2016;42410;Cerato (Syngenta);Algodon;Mecanizado;7.45
5/20/2016;42561;PIONEER 30F35 H;Maiz;Manual;4.9
42709;9/28/2016;Otro;Maiz;Manual;4.82
42618;9/24/2016;Otro;Maiz;Mecanizado;6.332
42587;9/26/2016;Otro;Algodon;Mecanizado;7
5/23/2016;42653;P3966 (Pioneer);Maiz;Mecanizado;7.2
42679;9/22/2016;P3966 (Pioneer);Maiz;Mecanizado;6.75
5/21/2016;42470;Otro;Algodon;Manual;8.2
5/14/2016;9/30/2016;Otro;Algodon;Mecanizado;8.3
42556;9/23/2016;Otro;Maiz;Mecanizado;6.2
42618;9/21/2016;Otro;Maiz;Manual;6
42618;9/21/2016;Otro;Algodon;Mecanizado;7.66
5/19/2015;42257;DK7088;Maiz;Mecanizado;7.99
42160;42317;DK 234 YGRR;Algodon;Mecanizado;7.7
42221;42014;Otro;Maiz;Manual;6.8
5/18/2015;42195;PIONEER 30F35 HRR;Maiz;Mecanizado;7.6
4/20/2015;9/15/2015;Otro;Algodon;Manual;5.7
5/18/2015;10/16/2015;P3966 (Pioneer);Algodon;Mecanizado;7.9
4/23/2015;9/22/2015;P3966 (Pioneer);Maiz;Mecanizado;7.88
4/24/2015;9/17/2015;Otro;Maiz;Mecanizado;7.9
4/23/2015;42286;DK 234 YGRR;Maiz;Mecanizado;7.5
42221;9/28/2015;Otro;Maiz;Mecanizado;7.55
42009;9/14/2015;ADV 9339 (Syngenta);Maiz;Mecanizado;7.9
9/21/2015;42584;Otro;Maiz;Mecanizado;7
42073;2/15/2016;P3966 (Pioneer);Maiz;Mecanizado;8
42104;2/16/2016;P3966 (Pioneer);Algodon;Mecanizado;8
42104;2/16/2016;Otro;Maiz;Mecanizado;7.35
42073;2/19/2016;Sinko (Syngenta);Maiz;Mecanizado;7.1
42073;2/17/2016;DK 234 YGRR;Algodon;Mecanizado;7.5
9/20/2015;42584;DK7088;Algodon;Mecanizado;8
9/20/2015;42615;P4082 (Pioneer);Algodon;Mecanizado;7.5
9/25/2015;42645;P3966 (Pioneer);Algodon;Mecanizado;6.05
9/26/2015;42706;Otro;Algodon;Mecanizado;7
9/26/2015;2/14/2016;Otro;Algodon;Mecanizado;6.2
9/25/2015;2/16/2016;PIONEER 30F35 HRR;Algodon;Mecanizado;7.2
4/30/2013;41403;PIONEER 30F35;Algodon;Mecanizado;6.25
5/26/2014;41708;Otro;Maiz;Mecanizado;7.9
11/15/2013;3/31/2014;DK7088;Maiz;Mecanizado;6.52
42434;42713;P3966 (Pioneer);Maiz;Manual;6.5
42648;9/19/2016;P3966 (Pioneer);Maiz;Mecanizado;6.2
42679;9/20/2016;Otro;Maiz;Mecanizado;5.87
42526;9/17/2016;Cerato (Syngenta);Algodon;Mecanizado;7.9
5/14/2016;9/26/2016;P4082 (Pioneer);Algodon;Mecanizado;8
9/15/2015;1/28/2016;Otro;Maiz;Mecanizado;8
42045;2/14/2016;P3966 (Pioneer);Maiz;Mecanizado;7.5
9/29/2015;42676;DK 234 YGRR;Algodon;Mecanizado;7.5
42045;2/16/2016;Otro;Algodon;Mecanizado;8
42134;2/19/2016;Otro;Maiz;Manual;8
42045;2/23/2016;Otro;Algodon;Mecanizado;7.9
9/18/2015;1/30/2016;DK 234 YGRR;Algodon;Mecanizado;7
9/21/2015;42431;Otro;Algodon;Mecanizado;6.7
9/17/2015;42492;Otro;Algodon;Mecanizado;6
9/26/2015;2/15/2016;Otro;Algodon;Mecanizado;6
9/19/2015;42615;PIONEER 30F35 HRR;Algodon;Mecanizado;6.1
9/21/2015;42676;P3966 (Pioneer);Maiz;Mecanizado;6.75
9/19/2015;42462;P4082 (Pioneer);Maiz;Mecanizado;6.1
9/19/2015;42553;DK7088;Algodon;Mecanizado;6.7
5/19/2015;9/30/2015;DK 234 YGRR;Algodon;Manual;6.8
42165;2/25/2016;P4082 (Pioneer);Algodon;Mecanizado;7
42165;2/25/2016;P4082 (Pioneer);Maiz;Manual;6.9
9/25/2015;2/20/2016;Otro;Algodon;Mecanizado;6.4
42104;2/16/2016;Otro;Algodon;Mecanizado;6.05
9/15/2015;42402;Otro;Maiz;Mecanizado;6.35
10/20/2015;2/27/2016;PIONEER 30F35 HRR;Maiz;Mecanizado;6.55
42014;42645;Otro;Maiz;Mecanizado;6.3
42073;2/20/2016;Otro;Algodon;Mecanizado;6.3
42014;2/15/2016;Otro;Algodon;Mecanizado;6
42045;42645;Otro;Algodon;Mecanizado;6.5
42073;42706;Otro;Algodon;Mecanizado;6.99
9/27/2015;42553;Otro;Algodon;Mecanizado;6.9
9/29/2015;42676;Otro;Algodon;Mecanizado;6.38
9/26/2015;42706;Otro;Algodon;Mecanizado;6.75
42104;2/20/2016;P3966 (Pioneer);Algodon;Mecanizado;6.05
42014;2/16/2016;DK 234 YGRR;Algodon;Mecanizado;6.55
9/30/2015;42706;Otro;Maiz;Mecanizado;6.8
42045;2/17/2016;Otro;Algodon;Mecanizado;7.9
42226;2/25/2016;Otro;Maiz;Mecanizado;7.2
42014;42645;Otro;Maiz;Manual;8.1
9/15/2015;42431;Otro;Algodon;Mecanizado;6.1
9/23/2015;42492;Otro;Algodon;Mecanizado;6.755
9/27/2015;2/17/2016;Otro;Algodon;Mecanizado;7
9/20/2015;42523;PIONEER 30F35 HRR;Algodon;Mecanizado;6.4
9/23/2015;42645;P3966 (Pioneer);Maiz;Mecanizado;6.7
42134;2/28/2016;DK 234 YGRR;Algodon;Mecanizado;6.8
9/27/2015;42645;P4082 (Pioneer);Algodon;Mecanizado;6.45
42045;2/17/2016;Otro;Algodon;Mecanizado;7.05
9/20/2015;42645;P3966 (Pioneer);Algodon;Mecanizado;6.37
9/22/2015;42615;Otro;Algodon;Mecanizado;7.9
9/27/2015;2/13/2016;P3966 (Pioneer);Maiz;Manual;7.15
9/29/2015;42676;Otro;Algodon;Mecanizado;6.1
42317;1/25/2016;DK7088;Maiz;Manual;6.01
42103;1/25/2016;Otro;Algodon;Mecanizado;6.16
9/17/2015;42402;ADV 9293 (Syngenta);Algodon;Mecanizado;7
9/16/2015;1/27/2016;Otro;Algodon;Mecanizado;7
9/14/2015;42402;Otro;Algodon;Mecanizado;6.5
9/19/2015;42492;Otro;Maiz;Manual;6.98
9/20/2015;42492;Otro;Maiz;Manual;7.15
42347;1/27/2016;Otro;Maiz;Mecanizado;6.2
42286;1/29/2016;Otro;Algodon;Mecanizado;6.326
9/19/2015;42462;DK 234 YGRR;Algodon;Mecanizado;6.6
42226;2/19/2016;P3966 (Pioneer);Algodon;Mecanizado;6.44
